更新日,曲名
2026/05/09,霧尾ファンクラブ (off-UVRchorus-on) ハーモニー【a子】.mp4
2026/05/09,ポップ・スナック・ジャンクなHUNNY／あおぎり高校／カナン様はあくまでチョロい (MVC-On-Off) 【パート分け】.mp4
2026/05/09,仮面ライダーAGITO (仮面ライダーアギト_OP) 石原慎一 (2ch_VC_ON) UVR online版.mp4
2026/05/09,【黄泉のツガイ】[ED]飛ぼうよ／yama〔Semi-MVC-On-Off〕.mp4
2026/05/09,【歌マクロス】「GIRAFFE BLUES」[In][シェリル・ノーム starring May'n][On-Off][ゲーム][加古].mp4
2026/05/09,【ガンバレ！中村くん！！  ED1】 初恋(cut&コーラス入-on) ／ 村下孝蔵_けんちぃ_1240.mp4
2026/05/09,【マブラヴ ガールズガーデン】「アイロニーと花束」[IM][獅子姫ろみお][2tr Off-On].mp4
2026/05/09,【最後にひとつだけお願いしてもよろしいでしょうか】「戦場の華(Live.ver)」[Op][CHiCO with HoneyWorks][On-Off][アニメ][悠季].mp4
2026/05/09,【ガンバレ！中村くん！！  ED2】 WON'T BE LONG(cut&コーラス入-on) ／ バブルガム・ブラザーズ_けんちぃ_1241.mp4
2026/05/08,【魔法の姉妹ルルットリリィ】Bubee パート分け Ver2／ILLIT.mp4
2026/05/08,【カナン様はあくまでチョロい】ポップ・スナック・ジャンクなHUNNY(MVver)(パート分け)／あおぎり高校[on-cut].mp4
2026/05/08,【[劇場版]魔法科高校の劣等生 四葉継承編 主題歌】 YES(cut&コーラス入-off-on) ／ LiSA_けんちぃ_1257.mp4
2026/05/08,みんなで！(MV)／沼倉愛美［on-cut］.mp4
2026/05/08,【愛してるゲームを終わらせたい】[ED]リトルワールド／PompadollS(On-Cut)※第3話まで【naoo】.mp4
2026/05/08,【霧尾ファンクラブ】[ED]ハーモニー／a子(On-Cut)【naoo】.mp4
2026/05/08,【Re：ゼロから始める異世界生活 4th Season OP】 Recollect(cut&コーラス入-on)_パート分け_MV版 ／ 鈴木このみ feat.Ashnikko_けんちぃ_1233.mp4
2026/05/08,【Re：ゼロから始める異世界生活 4th Season OP】 Recollect(cut&コーラス入-on)_パート分け ／ 鈴木このみ feat.Ashnikko_けんちぃ_1233.mp4
2026/05/08,霧尾ファンクラブ (off-UVRchorus-on) ハーモニー※a子 MV.mp4
2026/05/08,【THE IDOLM@STER Prologue SideM -Episode of Jupiter-】-Jupiter-BRAND NEW FIELD(cut-on)パート分けver2.mp4
2026/05/08,【フレームアームズ・ガール】-村川梨衣-Tiny Tiny(cut-on)最終話まで.mp4
2026/05/08,【フルメタル・パニック!Invisible Victory】-山田タマル-Even...if(cut-on)最終話まで.mp4
2026/05/08,【ゴーストコンサート  missing Songs】「RES∞NALIST」[In][相葉芹亜（CV：藤寺美徳）、クレオパトラ（CV：日高里菜）][On-Off][アニメ][加古].mp4
2026/05/08,「燦々」斎藤工【オフボーカル・コーラス入り】.mp4
2026/05/08,[First Good-Bye／平野綾]涼宮ハルヒの憂鬱[om-off].mp4
2026/05/08,悲劇の元凶となる最強外道ラスボス女王は民の為に尽くします。 Season2 (off-UVRchorus-on) たられば【ガラクタ】.mp4
2026/05/08,【わがまま☆フェアリーミルモでポン!ちゃあみんぐ】[ED]チェリ・ガール(on-off)／Sana(新谷さなえ) .mp4
2026/05/08,[INTERNET OVERDOSE／超絶最かわてんしちゃん]NEEDY GIRL OVERDOSE[on-off]※ＭＶ.mp4
2026/05/08,【愛してるゲームを終わらせたい】[君のせいで愛してる(修正1)][Op][CHiCO with HoneyWorks][On-Off][アニメ][悠季].mp4
2026/05/08,一畳間まんきつ暮らし！ (off-UVRchorus-on) チャオ チャオ(Ciao Ciao)【Sophia la Mode】.mp4
2026/05/08,本好きの下剋上 領主の養女 (off-UVRchorus-on) 今も、ありがとう【生田絵梨花】※第４期 ED.mp4
2026/05/08,悲劇の元凶となる最強外道ラスボス女王は民の為に尽くします。 Season2 (off-UVRchorus-on) たられば※ガラクタ MV.mp4
2026/05/07,【ゴーストコンサート  missing Songs】「Nursing Angel」[In][相葉芹亜（藤寺美徳）&ナイチンゲール（小清水亜美）][On-Off][アニメ][加古].mp4
2026/05/07,【推しの子】TEST ME／ちゃんみな(vc-on).mp4
2026/05/07,【アタックNo.1】「アタックNo.1」[Op][大杉久美子][On-Off][アニメ][芝ちゃん].mp4
2026/05/07,【昆虫物語 みなしごハッチ】ママをたずねて／島崎由理(on-off).mp4
2026/05/07,【よわよわ先生】よわよわ つよつよ みにみに こわこわ(パート分け)(ver2)／鶸村ひより(高野麻里佳)、椋林瑞希(伊駒ゆりえ)、雪下祐樹(篠原侑)[on-cut].mp4
2026/05/07,【人外教室の人間嫌い教師】人間カムトゥルー！(パート分け)(ver2)／水月鏡花(雨宮天)、尾々守一咲(大西沙織)、右左美彗(長縄まりあ)、羽根田トバリ(田辺留依)[on-cut].mp4
2026/05/07,【五等分の花嫁＊】五等分の笑顔(パート分け)／中野家の五つ子(花澤香菜、竹達彩奈、伊藤美来、佐倉綾音、水瀬いのり)[on-cut].mp4
2026/05/07,【樫の木モック】樫の木モック／小野木久美子(on-off).mp4
2026/05/07,[たられば ／ガラクタ]悲劇の元凶となる最強外道ラスボス女王は民の為に尽くします。Season２[on-off].mp4
2026/05/07,【お隣の天使様にいつの間にか駄目人間にされていた件2】「夏祭り(修正1)」[Ed][椎名真昼][On-Off][アニメ][悠季] ※アニメ映像版1～5話.mp4
2026/05/07,【クラスで２番目に可愛い女の子と友だちになった】[OP]サブマリンユース／reGretGirl〔Semi-On-Off〕.mp4
2026/05/07,【CR めぞん一刻 挿入歌】 アンブレラ(cut&コーラス入-on) ／ ichiko_けんちぃ_992.mp4
2026/05/07,【逃がした魚は大きかったが釣り上げた魚が大きすぎた件】「誓いはキュンと。(feat.ハコニワリリィ)」[Op][MARUMOCHI_from_HoneyWorks][On-Off][アニメ][悠季]※パート分け.mp4
2026/05/06,【魔法の姉妹ルルットリリィ】Little singing bird／ましゅールル.mp4
2026/05/06,【[劇場版]チェンソーマン レゼ篇 主題歌】 JANE DOE(cut&コーラス入-on) ／ 米津玄師、宇多田ヒカル_1069.mp4
2026/05/06,【本好きの下剋上】「今も、ありがとう」 ※4期EDコーラスパート有 (off-弱ボーカル-UVRコーラス入-on).mp4
2026/05/06,【シャドウバースF】「マイターン」[Ed][黒羽アリス（CV小倉唯）][On-Off][アニメ][芝ちゃん].mp4
2026/05/06,【オタクに優しいギャルはいない!】一生仲仔※リリックビデオ版／三四少女(on-off).mp4
2026/05/06,【オタクに優しいギャルはいない!】一生仲仔／三四少女(on-off).mp4
2026/05/06,【オタクに優しいギャルはいない】 [OP] HIDE AND SEEK ／ i-dle ※５人パート分け有調整予定 bb319　(On-Off).mp4
2026/05/06,【北斗の拳 -FIST OF THE NORTH STAR-】 愛をとりもどせ！！ ／ toshi ※TVサイズ bb318 (On-Off).mp4
2026/05/06,【霧尾ファンクラブ】 [IN] 涙なめなめソング ／ 三好藍美（CV：稗田寧々）染谷波（CV：若山詩音） ※bb317  (On-Off).mp4
2026/05/06,【SI-VIS： The Sound of Heroes】[OP2]スーパーノヴァ(パート分け有・最終話反映)／SI-VIS〔Semi-MVC-On-Off〕.mp4
2026/05/06,【パチスロ めぞん一刻２ 挿入歌】 non stop=lucky days(cut&コーラス入-on) ／ ichiko_けんちぃ_991.mp4
2026/05/06,【霧尾ファンクラブ】 [OP] FANCLUB／Skirt & ODD Foot Works ※2人パート分け有合唱容易ver bb316 (On-Off).mp4
2026/05/06,【骸骨騎士様、只今異世界へお出掛け中2期】奇跡は起きない（ＭＶ）パート分け／DIALOGUE+.mp4
2026/05/06,1st Priority (ストラトス・フォー_OP) メロキュア (2ch_VC_ON) UVR online版.mp4
2026/05/06,インゴクダンチ (off-UVRchorus-on) 団地妻の誘惑Part2【miko】※完全デレギュラ版 第５話まで.mp4
2026/05/05,【スノウボールアース】-tuki.-零-zero-(cut-on).mp4
2026/05/05,【魔法の姉妹ルルットリリィ】-ましゅールル 小鹿なお-Little singing bird(cut-on).mp4
2026/05/05,【魔法の姉妹ルルットリリィ】-ルルットリリィ-Calling(cut-on)パート分ver3.mp4
2026/05/05,【ゴーストコンサート：missing Songs】-相葉芹亜 藤寺美徳-業魂REQUIEMER(cut-on).mp4
2026/05/05,【あかね噺】 [ED] AKANE On My Mind~饅頭こわい ／ 桑田佳祐 ※TVサイズ 冒頭40秒小噺ありver bb315 (On-Off).mp4
2026/05/05,【魔法の姉妹ルルットリリィ】 [ED] calling ／ ルルットリリィ （こんぺとリリィ(CV 橘めい)、ましゅールル(CV 小鹿なお)） ※2人暫定パート分け有 bb314 (On-Off).mp4
2026/05/05,【また殺されてしまったのですね、探偵様】「スターダスト・エウレカ(修正)」[Op][多次元制御機構よだか][On-Off][アニメ][悠季].mp4
2026/05/05,【魔法の姉妹ルルットリリィ】 [OP]  Bubee ／ ILLIT ※5人パート分け有 bb313 (On-Off).mp4
2026/05/05,Agape (Animelo Summer Live 2015 ライブ映像) メロキュア (2ch_VC_ON) UVR online版.mp4
2026/05/05,OnyXXX／Black onyX／超かぐや姫！ (MVC-On-Off) 【リリックビデオ、パート分け】.mp4.mp4
2026/05/05,【このはな綺譚】春ウララ、君ト咲キ誇ル（パート分け）／此花亭仲居の会［on-cut］.mp4
2026/05/05,OnyXXX／Black onyX／超かぐや姫！ (MVC-On-Off) 【アニメ映像、パート分け】.mp4
2026/05/05,また殺されてしまったのですね、探偵様 (off-UVRchorus-on) リリテアの歌【リリテア（CV：若山詩音）】.mp4
2026/05/04,【杖と剣のウィストリア Season 2】［ED］リーチライト／シユイ（On-Semi-Mvc-Cut）※第16話ED映像.mp4
2026/05/04,【大きい女の子は好きですか？】「世界にひとつのギフト」[Ed][中恵光城][On-Off][アニメ][加古]※18禁映像.mp4
2026/05/04,[エゴ／レトロリロン]悲劇の元凶となる最強外道ラスボス女王は民の為に尽くします。Season２[on-off].mp4
2026/05/04,【杖と剣のウィストリア Season 2 ED】 リーチライト(cut&コーラス入-on) ／ シユイ_けんちぃ_1222.mp4
2026/05/04,【[劇場版]チェンソーマン レゼ篇 主題歌】 IRIS OUT(cut&コーラス入-on)_劇場版 ／ 米津玄師_劇場版_けんちぃ_1068.mp4
2026/05/03,[Ubiquitous dB／ユナ]Yuna First Live[on-off].mp4
2026/05/03,[longing ／ユナ]Yuna First Live[on-off].mp4
2026/05/03,【彼女のセイイキ】夜明けのベルが鳴る／安田みずほ［on-off］.mp4
2026/05/03,【淡島百景】[OP]／blue hour／Hana Hope／On-Off.mp4
2026/05/03,【とんがり帽子のアトリエ】[OP]／風のアンセム(2人パート)／Eve feat. suis from ヨルシカ／On-Off.mp4
2026/05/03,【姫騎士は蛮族の嫁】[ED]／シルベキコト／sajou no hana／On-Off.mp4
2026/05/03,TVドラマ_僕の生きる道【世界に一つだけの花-SMAP】UVRVC_ON01_ON02.mp4
2026/05/03,世界にひとつのギフト [18禁 (off) 大きい女の子は好きですか？.mp4
2026/05/03,LIVE映像_Aurora_BUMP OF CHICKEN_2CH.mp4
2026/05/03,【また殺されてしまったのですね、探偵様】「リリテアの歌(修正)」[Ed][リリテア(CV若山詩音)][On-Off][アニメ][悠季].mp4
2026/05/03,【春夏秋冬代行者 春の舞】[OP]Petals／Orangestar feat. 夏背〔Semi-On-Off〕.mp4
2026/05/02,日曜劇場「ノーサイド・ゲーム」 主題歌_馬と鹿_米津玄師_2CH.mp4
2026/05/02,プロジェクトセカイ カラフルステージ！ feat. 初音ミク (off-UVRchorus-on) 世界の歩き方※月詠み MV.mp4
2026/05/02,ようこそ実力至上主義の教室へ 4th Season 2年生編1学期 (off-UVRchorus-on) MONSTER【藍井エイル】.mp4
2026/05/02,【超かぐや姫！】[ED]ray 超かぐや姫! Version（パート分け）／月見ヤチヨ(早見沙織)&かぐや(夏吉ゆうこ)〔MVC-On-Off〕.mp4
2026/05/02,【Re：ゼロから始める異世界生活 4th season】［OP6］Recollect／鈴木このみ feat. Ashnikko（On-Semi-Mvc-Cut）※・仮歌詞・アニメ映像ver1.0・4話まで・パート分け有り.mp4
2026/05/02,灰原くんの強くて青春ニューゲーム (off-UVRchorus-on) ドラマチック逃避行【愛美】.mp4
2026/05/02,Hallelujah／[Alexandros]／北斗の拳 -FIST OF THE NORTH STAR- (MVC-On-Off) 【公式アニメMV】.mp4
2026/05/02,【新機動戦記ガンダムW Endless Waltz 特別篇】主題歌｜LAST IMPRESSION／TWO-MIX［on-off］〔公式MV，前奏バラード無しVer.〕.mp4
2026/05/02,NHK連続テレビ小説「虎に翼」OP_さよーならまたいつか!_米津玄師_2CH.mp4
2026/05/02,ようこそ実力至上主義の教室へ 4th Season 2年生編1学期 (off-UVRchorus-on) ライアーヴェール【ZAQ】.mp4
2026/05/01,【彼女、お借りします】「君を通して」[In][雨宮天][On-Off][アニメ][芝ちゃん].mp4
2026/05/01,レプリカだって、恋をする。 (off-UVRchorus-on) リフレイン【シャイトープ】.mp4
2026/05/01,「Good Morning」First Love is Never Returned【オフボーカル・コーラス入り】.mp4
2026/05/01,【北斗の拳 -FIST OF THE NORTH STAR- OP】 Hallelujah(cut&コーラス入-on) ／ Alexandros_けんちぃ_1255.mp4
2026/05/01,【名探偵コナン】[ED62]星合(on-off)_パート分け／all at once.mp4
2026/05/01,愛してるゲームを終わらせたい (off-UVRchorus-on) 君のせいで愛してる【CHiCO with HoneyWorks】.mp4
2026/05/01,【カヤちゃんはこわくない】「まぼろしの行方(画質アップ版)」[OP][ヰ世界情緒][2tr Off-On].mp4
2026/05/01,【愛してるゲームを終わらせたい OP】 君のせいで愛してる(cut&コーラス入-on) ／ CHiCO with HoneyWorks_けんちぃ_1232.mp4
2026/05/01,クジマ歌えば家ほろろ (off-UVRchorus-on) 木漏れ日坂【Galileo Galilei】.mp4
2026/05/01,LIAR GAME (off-UVRchorus-on) あぶく【ヨルシカ】.mp4
2026/05/01,彼女、お借りします 第5期 (off-UVRchorus-on) ノンシナリオ・エチュード【雨宮天】.mp4
2026/05/01,カナン様はあくまでチョロい (off-UVRchorus-on) ポップ・スナック・ジャンクなHUNNY【あおぎり高校】.mp4
2026/05/01,転生したらスライムだった件 第4期 (off-UVRchorus-on) 渇望【CiON】※TV size アニメ公式 MV.mp4
2026/04/30,【銀魂】劇中歌｜ダンボールの神様／MADAO(CV.立木文彦)［on-off］.mp4
2026/04/30,「ハードモード」Furui Riho【オフボーカル・コーラス入り】.mp4
2026/04/30,Hallelujah／[Alexandros]／北斗の拳 -FIST OF THE NORTH STAR- (MVC-On-Off) 【サザンクロス編】.mp4
2026/04/30,【左ききのエレン OP】 FUNKIN' BEAUTIFUL(cut&コーラス入-off-on) ／ ALI feat.ZORN_1215.mp4
2026/04/30,【物語シリーズ イメージソング】 私へ(cut&コーラス入-on) ／ supercell_けんちぃ_990.mp4
2026/04/30,ヒーリングっど♥プリキュア Touch!! 映画ゆめまち映像Ver　北川理恵 (OnVocal).mp4
2026/04/30,LIAR GAME (off-UVRchorus-on) あぶく※ヨルシカ MV.mp4
2026/04/29,【人妻の唇は缶チューハイの味がして】「Can't you high!」[Tm][うづほ][On-Off][アニメ][芝ちゃん]完全デレギュラ版.mp4
2026/04/29,【上伊那ぼたん、酔へる姿は百合の花 OP】 芽吹くとき(cut&コーラス入-on) ／ yonige_けんちぃ_1236.mp4
2026/04/29,【LIAR GAME ライアーゲーム】「朝日」[Ed][Lucky Kilimanjaro][On-Off][アニメ][悠季].mp4
2026/04/29,【LIAR GAME ライアーゲーム】「あぶく」[Op][ヨルシカ][On-Off][アニメ][悠季].mp4
2026/04/29,黒猫と魔女の教室 (off-UVRchorus-on) Cusp【ASCA】.mp4
2026/04/28,【ワンパンマン】「Get No Satisfied!」[Op][JAM Project feat. BABYMETAL][On-Off][アニメ][芝ちゃん]パート分け有.mp4
2026/04/28,Burnin' your heart (仮面ライダーアギト_ED) 石原慎一 (2ch_VC_ON) UVR online版.mp4
2026/04/28,「最大幸福度」青木陽菜【オフボーカル・コーラス入り】.mp4
2026/04/28,「TOYROCK -TOYBEEのテーマ-」toybee【オフボーカル・コーラス入り】.mp4
2026/04/28,【名探偵コナン】[OP17]衝動[B'z](on-cut)krk.mp4
2026/04/28,【名探偵コナン】[OP17]衝動[B'z](on-cut)krk.mp4
2026/04/28,【逃がした魚は大きかったが釣りあげた魚が大きすぎた件 ED】 DEAD OR LOVE(cut&コーラス入-on) ／ 吉乃_けんちぃ_1254.mp4
2026/04/27,「せかいが終わるまえに（TVアニメ 「薫る花は凛と咲く」 MAD動画）」下地紫野【オフボーカル・コーラス入り】.mp4
2026/04/27,【氷の城壁】逆様／ポルカドットスティングレイ(on-off).mp4
2026/04/27,「Blue」sumika【オフボーカル・コーラス入り】.mp4
2026/04/27,【名探偵プリキュア!】-石井あみ-ハートにヒント!名探偵プリキュア!(cut-on)Ver2.mp4
2026/04/27,【名探偵プリキュア!】-熊田茜音 増井優花-なぜ？謎？！ANSWER(cut-on)パート分けVer2.mp4
2026/04/27,【武装少女マキャヴェリズム】-伊藤美来-Shocking Blue(cut-on)最終話までVer2.mp4
2026/04/27,【ゼロから始める魔法の書】-たぴみる-発見者はワタシ(cut-on)最終話までVer2.mp4
2026/04/27,【氷の城壁】透明／Novelbright(on-off).mp4
2026/04/27,【PT_わんわん、もーもー、うさうさ、こーん！ OP主題歌】あわだっちゃ★パニクリバニラ／榎津まお_v1【ON-cut】.avi
2026/04/27,【スノウボールアース OP】 零-zero(cut&コーラス入-on)- ／ tuki._けんちぃ_1225.mp4
2026/04/27,【喰霊-零-】「霊喰い(画質アップ版)」[IN][妖精帝國][2tr Off-On].mp4
2026/04/27,【 ゲーソン（公式MV３人パート分け済み）】ミラクルナナウ(ﾟ∀ﾟ)！【初星学園（有村麻央 紫雲清夏 篠澤広）】【3tr ON-OFF-25%VOCAL】【学園アイドルマスター】.mp4
2026/04/27,黒猫と魔女の教室 (off-UVRchorus-on) Cusp※ASCA MV.mp4
2026/04/27,【PT_Dies irae～Acta est Fabula～ OP主題歌】Gregorio／榊原ゆい_v1【ON-cut】.avi
2026/04/27,レプリカだって、恋をする。 (off-UVRchorus-on) リフレイン※シャイトープ MV.mp4
2026/04/26,別れの朝 (本人_テレビ番組) 前野曜子 (2ch_VC_ON) UVR online版.mp4
2026/04/26,【プリプリちぃちゃん!!】ツインズ／CHiCO with HoneyWorks(on-cut).mp4
2026/04/26,【葬送のフリーレン】lulu.／Mrs. GREEN APPLE(vcc-vc-on).mp4
2026/04/26,【一畳間まんきつ暮らし】チャオチャオ(Ciao Ciao)／Sophià la Mode[on-cut].mp4
2026/04/26,Forever＆ever (off) メモリーズオフ 双想 Break out of my shell [メモオフ9.5].mp4
2026/04/26,クジマ歌えば家ほろろ (off-UVRchorus-on) ほろろ逍遥【角銅真実】.mp4
2026/04/26,【メイドさんは食べるだけ】[ED]しあわせフレーバー（パート分け）／ARCANA PROJECT〔MVC-On-Off〕.mp4
2026/04/26,【レプリカだって、恋をする。】[OP]リフレイン(on-off)_第3話まで／シャイトープ.mp4
2026/04/26,【神の庭付き楠木邸】ED＿うたまひ／JYOCHO[on-off-ハーフ].mp4
2026/04/26,[マクロスΔ] ワルキューレ - 一度だけの恋なら(On-Semi-Mvc-Cut)※パート分け有り.mp4
2026/04/26,【マクロスΔ】破滅の純情／ワルキューレ（On-Semi-Mvc-Cut）※パート分け有り.mp4
2026/04/25,【オタクに優しいギャルはいない】 [OP] HIDE AND SEEK ／ i-dle ※パート分け無し暫定 bb312  (On-Off).mp4
2026/04/25,【マクロスΔ】Walkure Attack!／ワルキューレ（On-Semi-Mvc-Cut）※パート分け有り.mp4
2026/04/25,【PT_リルカは幾重に夜を彩る ED】ふたりしずか／Duca_v1【ON-OFF】.avi
2026/04/25,【マクロスΔ】恋!ハレイション THE WAR／ワルキューレ（On-Semi-Mvc-Cut）※ver2.1・パート分け有り.mp4
2026/04/25,【マクロスΔ】不確定性COSMIC MOVEMENT／ワルキューレ（On-Semi-Mvc-Cut）※パート分け有り.mp4
2026/04/25,【自動販売機に生まれ変わった俺は迷宮を彷徨う】「めくるめくランデヴー(修正4)」[Ed][FUWAMOCO][On-Off][アニメ][悠季]※パート分け.mp4
2026/04/25,【マクロスΔ】涙目爆発音／ワルキューレ（On-Semi-Mvc-Cut）※パート分け有り.mp4
2026/04/25,【マクロスΔ】ワルキューレがとまらない／ワルキューレ（On-Semi-Mvc-Cut）※ニコニコ動画使用・パート分け有り.mp4
2026/04/25,【マクロスΔ】Absolute 5／ワルキューレ（On-Semi-Mvc-Cut）※ver1.0・パート分け有り.mp4
2026/04/25,【マクロスΔ】LOVE! THUNDER GLOW／ワルキューレ（On-Semi-Mvc-Cut）.mp4
2026/04/25,【霧尾ファンクラブ】 [OP] FANCLUB ／ Skirt & ODD Foot Works ※パート分け無し暫定  bb311 (On-Off).mp4
2026/04/25,【マクロスΔ】絶対零度θノヴァティック／ワルキューレ（On-Semi-Mvc-Off）※パート分け有り.mp4
2026/04/25,【マクロスΔ】GIRAFFE BLUES／ワルキューレ（On3種-Semi-Mvc-Cut）※ver1.1・パート分け有り.mp4
2026/04/25,【淡島百景】 [OP] blue hour ／ hanahope ※bb310 (On-Off).mp4
2026/04/25,【愛してるゲームを終わらせたい】「リトルワールド」[Ed][PompadollS][On-Off][アニメ][悠季].mp4
2026/04/25,【キルアオ】 [OP] ATTITUDE ／ aespa ※4人パート分け有 漫画MVもちょいプラス　bb309 (On-Off).mp4
2026/04/25,【ガールズバンドクライ】 [IN] 視界の隅　朽ちる音／トゲナシトゲアリ (キーボード入りバージョンなので)　※ライブ映像from 5th ONE-MAN LIVE “鳴動の刻” bb308 (On-Off).mp4
2026/04/25,【デュエル・マスターズ プレイス】 Evergreen ／ satella feat. 伊波杏樹 ※自然の守護者チュリン・テーマソング bb307 (On-Off).mp4
2026/04/25,【ゴーストコンサート  missing Songs】「誠-BUSHIDO HERO-魂」[In][相葉芹亜（CV：藤寺美徳）＆沖田総司（CV：熊谷健太郎）][On-Off][アニメ][加古].mp4
2026/04/25,【Re：ゼロから始める異世界生活 4th Season ED】 Ender Ember(cut&コーラス入-on)_パート分け ／ MYTH & ROID feat.TK from 凛として時雨_けんちぃ_1234.mp4
2026/04/25,【Fes×Live映像】[みらくらぱーく！]トモダチになれる場所（B. G. P. Ver.）_ラブライブ！蓮ノ空女学院スクールアイドルクラブ[105期 Final Term Fes×LIVE披露曲]_[3tr](Live-Off-CDOn).mp4
2026/04/25,【魔法少女まどか☆マギカ】Sis puella magica!／Kalafina(On-Off chorus-Off).mp4
2026/04/25,【クラスで２番目に可愛い女の子と友だちになった】[OP]サブマリンユース／reGretGirl(On-Cut)【naoo】.mp4
2026/04/25,逃がした魚は大きかったが釣りあげた魚が大きすぎた件 (off-UVRchorus-on) 誓いはキュンと【HoneyWorks feat.鈴木愛理】.mp4
2026/04/24,【ニワトリ・ファイター】「We’re Loose Stars(TV.size)歌詞修正」[ED][高橋哲也＆Rooster Fighter][On-Off][アニメ][悠季].mp4
2026/04/24,TVドラマ_リブート【Again-Mr.Children】UVRVC_ON01_ON02.mp4
2026/04/24,【茉莉花ちゃんの好感度はぶっ壊れている】「はかりたい好感度」[Tm][千歳茉莉花（CV内田真礼）][On-Off][アニメ][芝ちゃん]プレミアム版.mp4
2026/04/24,【ハロー!!きんいろモザイク】叶えてメリーゴーラウンド／種田梨沙 from Rhodanthe［on-cut］.mp4
2026/04/24,【Fes×Live映像】[DOLLCHESTRA]アイシイ（B. G. P. Ver.）_ラブライブ！蓮ノ空女学院スクールアイドルクラブ[105期 Final Term Fes×LIVE披露曲]_[4tr](Live-Off-OnBGP-On105).mp4
2026/04/24,【Fes×Live映像】[Edel Note]EdelinieN_ラブライブ！蓮ノ空女学院スクールアイドルクラブ[105期 Final Term Fes×LIVE披露曲]_[3tr](Live-Off-On).mp4
2026/04/24,【ドラゴンボール レイジングブラスト2】Battle of Omega／影山ヒロノブ［on-off］.mp4
2026/04/24,【 TERRAFORMARS テラフォーマーズ】OP｜AMAZING BREAK／TERRASPEX［on-off］.mp4
2026/04/24,【龍が如く３】カラオケ曲｜【神室雪月花】／桐生一馬［on-off］.MP4
2026/04/24,【衛宮さんちの今日のごはん】OP｜エプロンボーイ／DJみそしるとMCごはん［on-off］.mp4
2026/04/24,【彼女、お借りします 第5期】[ED]204号室(on-off)／なきごと.mp4
2026/04/24,【メイドさんは食べるだけ】「リボン(TV.size)」[Op][majiko][On-Off][アニメ][悠季].mp4
2026/04/24,マリッジトキシン (off-UVRchorus-on) Kill or Kiss【平手友梨奈】.mp4
2026/04/24,【マリッジトキシン】「Kill or Kiss」[OP][平手友梨奈][2tr Off-on].mp4
2026/04/24,【ポケモンオールスターズ1025 (213／1025)】 ポケモンオールスターズ1025 (213／1025)(cut&コーラス入-off-on) ／ オーイシマサヨシ_けんちぃ_1126.mp4
2026/04/23,【moment／memoryライブ映像】ホーミー・タイッ!! (on-off)／一家Dumb Rock!.mp4
2026/04/23,【ダーウィン事変】Make Me Wonder／Official髭男dism(vcc-vc-on).mp4
2026/04/23,【イチゴ哀歌〜雑で生イキな妹と割り切れない兄〜】「恋はプリズム」[Tm][あかしゆきと乙倉ゅい][On-Off][アニメ][芝ちゃん]パート分け有り※プレミアム版.mp4
2026/04/23,【ゾンビランドサガ LIVE 】We are FranChouChou!〔6パート分け〕／フランシュシュ［on-off］〔～フランシュシュゆめぎんがフェスティバル～DAY2 映像〕.mp4
2026/04/23,【 ゲーソン（公式MV３人パート分け済み）】キミとセミブルー【初星学園（有村麻央 姫崎莉波 紫雲清夏）】【3tr ON-OFF-25%VOCAL】【学園アイドルマスター】.mp4
2026/04/23,[ラヴィ／25時、ナイトコードで]プロジェクトセカイ[on-off].mp4
2026/04/23,【The Little Mermaid】kiss the girl(off+on)【Samuel E. Wright】.mp4
2026/04/23,[強風オールバック／ワンダーランズ×ショウタイム × 鏡音リン]プロジェクトセカイ[on-off].mp4
2026/04/23,[とうほう☆ワンダーランド ／ワンダーランズ×ショウタイム]プロジェクトセカイ[on-off].mp4
2026/04/23,[surges／vivid bad squad] プロジェクトセカイ[on-off].mp4
2026/04/23,[スーパーヒーロー／MORE MORE]プロジェクトセカイ[on-off].mp4
2026/04/23,【姫騎士は蛮族の嫁】[OP]BEAUTIFUL／前島麻由〔Semi-On-MVC-Off〕.mp4
2026/04/23,【マブラヴ ガールズガーデン】「アイロニーと花束」[IM][獅子姫ろみお][2tr Off-On].mp4
2026/04/23,【姫騎士は蛮族の嫁】 [ED] シルベキコト／sajou no hana ※bb306 (On-Off).mp4
2026/04/22,【超かぐや姫】【MAD】めぃぷるシロップ(on+off)【KOTOKO】.mp4
2026/04/22,【春夏秋冬代行者 春の舞】「花筏 feat.夏背(本編3話～4話)」[Ed][Orangestar][On-Off][アニメ][悠季].mp4
2026/04/22,【姫騎士は蛮族の嫁 OP】 BEAUTIFUL(cut&コーラス入-off-on) ／ 前島麻由_けんちぃ_1253.mp4
2026/04/22,「あやかしあやし（PV映像）」伊東歌詞太郎【オフボーカル・コーラス入り】.mp4
2026/04/22,【学園アイドルマスター】メクルメ／ 篠澤広(CV：川村玲奈)［on-cut］.mp4
2026/04/22,【名探偵コナン】[OP9]destiny[松橋未樹](on-cut)krk.mp4
2026/04/22,【名探偵コナン】[OP9]destiny[松橋未樹](on-cut)krk.mp4
2026/04/22,LIVE映像_ray_BUMP OF CHICKEN_2CH_OFF改.mp4
2026/04/22,NHKアテネオリンピック中継公式テーマソング_栄光の架橋_ゆず_2CH_OFF改.mp4
2026/04/22,【姫騎士は蛮族の嫁】-前島麻由-BEAUTIFUL(cut-on).mp4
2026/04/22,【プロジェクトセカイ カラフルステージ! feat. 初音ミク】-ワンダーランズ×ショウタイム-傀儡のうつつ(cut-on)2DMV.mp4
2026/04/22,【プロジェクトセカイ カラフルステージ! feat. 初音ミク】-Vivid BAD SQUAD-CRASH THE PARTY(cut-on)2DMV.mp4
2026/04/22,【プロジェクトセカイ カラフルステージ! feat. 初音ミク】-Vivid BAD SQUAD-CRASH THE PARTY(cut-on)3DMV.mp4
2026/04/21,LIVE映像_猫_DISH／／_2CH_OFF改.mp4
2026/04/21,[あなたは幸せになる／藤田麻衣子]藤田麻衣子シングルCD[on-off]名探偵コナン mad.mp4
2026/04/21,【ニワトリ・ファイター】［Op］What's a Hero？／DARUMA Rollin'(on-off).mp4
2026/04/21,【黒猫と魔女の教室 OP】 Cusp(cut&コーラス入-on) ／ ASCA_けんちぃ_1237.mp4
2026/04/21,【姫騎士は蛮族の嫁】[ED]シルベキコト／sajou no hana(On-Cut)【naoo】.mp4
2026/04/21,リィンカーネーションの花弁／eill(on-off).mp4
2026/04/21,【黒猫と魔女の教室 ED】 ちゅーんあっぷ☆(cut&コーラス入-on) ／ スピラ・スピカ_けんちぃ_1238.mp4
2026/04/21,【D.CⅢ～ダ・カーポⅢ～】「TRUE MAGIC......」[Op][YURiCa 花たん][ゲーム][悠季](On-Off).mp4
2026/04/21,【猫がくれたまぁるいしあわせ】「ハローグッデイ」[IM][LiSA][2tr Off-On].mp4
2026/04/21,【インゴクダンチ】「団地妻の誘惑Part2」[Tm][miko][On-Off][アニメ][芝ちゃん]完全デレギュラ版.mp4
2026/04/20,【とんがり帽子のアトリエ】風のアンセム※OPパート分け有修正版 (off-弱ボーカル-UVRコーラス入-on) ／ Eve feat. suis from ヨルシカ.mp4
2026/04/20,【カナン様はあくまでチョロい OP】 初恋モーメント(cut&コーラス入-on) ／ Faulieu._けんちぃ_1227.mp4
2026/04/20,【Fes×Rec：Live映像】[蓮ノ空女学院スクールアイドルクラブ]Echoes Beyond_ラブライブ！蓮ノ空女学院スクールアイドルクラブ[103-105th Fes×ReC：LIVE披露曲]_[3tr](Live-Off-CDOn).mp4
2026/04/20,【学園アイドルマスター】「ときめきエモーション」[IM][葛城リーリヤ(花岩香奈)・紫雲清夏(湊みや)][2tr Off-On].mp4
2026/04/20,【最強の職業は勇者でも賢者でもなく鑑定士（仮）らしいですよ？】「コンパスは透明」[OP][緑仙][2tr Off-On].mp4
2026/04/20,【ゴーストコンサート  missing Songs】「gifted」[In][相葉芹亜（CV：藤寺美徳）＆ニコラ・テスラ（CV：佐々木崇）][On-Off][アニメ][加古].mp4
2026/04/19,【銀魂～よりぬけ！銀魂さん～】今日もサクラ舞う暁に／CHiCO with HoneyWorks(on-cut).mp4
2026/04/19,[優木せつ菜]Burn！！_ラブライブ！虹ヶ咲学園スクールアイドル同好会[映画 完結編 第2章]_[2tr](On-Off).mp4
2026/04/19,【魔法の姉妹ルルットリリィ】-こんぺとリリィ 橘めい-La Lu Sugarin'(cut-on).mp4
2026/04/19,【ライブ映像 7thLive】[Liella！]OPEN THE G☆TE！！！ _ラブライブ！スーパースター！！[7thライブテーマソング]_[3tr](Live-Off-CDOn).mp4
2026/04/19,お隣の天使様にいつの間にか駄目人間にされていた件 第2期 (off-UVRchorus-on) 君は恋人【オーイシマサヨシ】.mp4
2026/04/19,ヒトリゴト／osage／ポンコツ風紀委員とスカート丈が不適切なJKの話 (MVC-On-Off).mp4
2026/04/19,【とんがり帽子のアトリエ】 [OP] 風のアンセム／Eve featuring suis from ヨルシカ ※パート分け bb305  (On-Off).mp4
2026/04/19,【花ざかりの君たちへ】アドレナ／YOASOBI(vcc-vc-on).mp4
2026/04/19,よわよわ先生 (off-UVRchorus-on) COMIT COMET【Daoko】※Ver1 暫定版.mp4
2026/04/19,上伊那ぼたん、酔へる姿は百合の花 (off-UVRchorus-on) 芽吹くとき【yonige】※Ver1 暫定版.mp4
2026/04/18,自動販売機に生まれ変わった俺は迷宮を彷徨う3rd season (off-UVRchorus-on) ジハンキズム【ビバラッシュ】.mp4
2026/04/18,【魔法の姉妹ルルットリリィ】La Lu Sugarin'／こんぺとリリィ.mp4
2026/04/18,アイロニーと花束 [PV] (cut) マブラヴ ガールズガーデン.mp4
2026/04/18,【上伊那ぼたん、酔へる姿は百合の花】「芽吹くとき」[Op][yonige][On-Off][アニメ][悠季].mp4
2026/04/18,彼女、お借りします 第5期 (on) ノンシナリオ・エチュード※雨宮天 MV.mp4
2026/04/18,【ライブ映像 7thLive】[Liella！]オレンジのままで _ラブライブ！スーパースター！！[Liella！CLUB 2025]_[3tr](Live-Off-CDOn).mp4
2026/04/18,最強の王様二度目の人生は何をする Season2 (off-UVRchorus-on) 二つの道【22／7】.mp4
2026/04/18,NEEDY GIRL OVERDOSE (off-UVRchorus-on) INTERNET ANGEL feat. 超てんちゃん【Aiobahn +81】※Ver1 暫定版 アニメ公式LIVE MV.mp4
2026/04/18,最強の職業は勇者でも賢者でもなく鑑定士（仮）らしいですよ？ (off-UVRchorus-on) コンパスは透明【緑仙】※Ver1 暫定版 アニメ公式 MV.mp4
2026/04/18,【氷の城壁】[OP]透明／Novelbright〔MVC-On-Off〕.mp4
2026/04/18,お隣の天使様にいつの間にか駄目人間にされていた件 第2期 (off-UVRchorus-on) うれしい!たのしい!大好き!【椎名真昼 (CV：石見舞菜香)】※Ver1 暫定版.mp4
2026/04/18,あかね噺 (off-UVRchorus-on) 人誑し／ひとたらし【桑田佳祐】※Ver1 アニメ公式 MV.mp4
2026/04/18,【カナン様はあくまでチョロい ED】 ポップ・スナック・ジャンクなHUNNY(cut&コーラス入-on) ／ あおぎり高校_けんちぃ_1228.mp4
2026/04/18,【自動販売機に生まれ変わった俺は迷宮を彷徨う 3 ED】 めくるめくランデヴー(cut&コーラス入-on)_パート分け ／ FUWAMOCO_けんちぃ_1230.mp4
2026/04/18,【あねいも2 ～Second Stage～】[OP]melty snow(on-off)_4K_60fps／川田まみ.mp4
2026/04/18,[Revive／ClariS]勇者のクズ[on-off].mp4
2026/04/18,【新世紀GPX サイバーフォーミュラ】「UNLIMITED FIRE」[IM][三郷あき][2tr Off-On].mp4
2026/04/18,[よわよわ つよつよ みにみに こわこわ／鶸村ひより (CV.高野麻里佳)、椋林瑞希 (CV.伊駒ゆりえ)、雪下祐樹 (CV.篠原侑)]よわよわ先生[on-off].mp4
2026/04/18,【よわよわ先生 OP】 COMIT COMET(cut&コーラス入-on) ／ Daoko_けんちぃ_1235.mp4
2026/04/18,カヤちゃんはコワくない (off-UVRchorus-on) まぼろしの行方【ヰ世界情緒】※Ver2 最終話まで.mp4
2026/04/18,真夜中ハートチューン (off-UVRchorus-on) 月に向かって撃て【星街すいせい】※Ver2 最終話まで.mp4
2026/04/17,【あかね噺】人誑し（Anime Lyric Video）／桑田佳祐［on-cut］.mp4
2026/04/17,【逃がした魚は大きかったが釣りあげた魚が大きすぎた件】[ED]DEAD OR LOVE／吉乃(On-Cut)【naoo】.mp4
2026/04/17,おつカリスマ！忘年会【超人的シェアハウスストーリー『カリスマ』・七人のカリスマ】.mp4
2026/04/17,【ソフィーのアトリエ2 ～不思議な夢の錬金術士～】Syndetos／鈴湯［on-cut］.mp4
2026/04/17,パワーアップ・タートルズ【ミュータントタートルズ超人伝説編・影山ヒロノブ(YOUTUBE動画使用)】.mp4
2026/04/17,カリスマっていいな【超人的シェアハウスストーリー『カリスマ』・七人のカリスマ】.mp4
2026/04/17,カリスマ1週間【超人的シェアハウスストーリー『カリスマ』・七人のカリスマ】.mp4
2026/04/17,Time～2036の選択～【HIRONOBU KAGEYAMA POWER LIVE'95 CYVOX・影山ヒロノブ、堀江美都子】.mp4
2026/04/17,DREAMS【アニぱら音楽館・奥井雅美、遠藤正明】.mp4
2026/04/17,コネクト【アニぱら音楽館・きただにひろし、遠藤正明、影山ヒロノブ】.mp4
2026/04/17,10 YEARS AFTER【アニぱら音楽館・米倉千尋、影山ヒロノブ】.mp4
2026/04/17,ЯR -Fate of saviour-【牙狼 GARO 東ノ界楼・JAM Project【パート分け】(ニコカラ)】.mp4
2026/04/17,GET A VICTORY!(Ai off vocal)【爆闘宣言ダイガンダー・遠藤正明(off vocal)(ニコカラ)】.mp4
2026/04/17,[Recollect／鈴木このみ feat. Ashnikko]Reゼロから始める異世界生活[on-off].mp4
2026/04/17,カナン様はあくまでチョロい (off-UVRchorus-on) 初恋モーメント【Faulien.】.mp4
2026/04/17,【黄泉のツガイ】[OP]／飛ぶ時／Vaundy／On-Off.mp4
2026/04/17,【スノウボールアース】 [ED] 今この胸に滾るのは／ヒグチアイ ※bb304 (On-Off).mp4
2026/04/17,【氷の城壁】[ED]逆様／ポルカドットスティングレイ〔Semi-On-MVC-Off〕.mp4
2026/04/17,【スノウボールアース】 [OP] 零-zero-／tuki ※bb303 (On-Off).mp4
2026/04/16,【花咲くエトワール】 [ED] 風に乗る／緑黄色社会 ※公式MV bb302 (On-Off).mp4
2026/04/16,【リィンカーネーションの花弁】零／Sizuk(on-semi-off).mixed.mp4
2026/04/16,【機動戦士ガンダムSEED DESTINY スペシャルエディションⅡ「それぞれの剣」】【ED】【tears ～tv version】【lisa】【off-on】.mp4
2026/04/16,【ポンコツ風紀委員とスカート丈が不適切なJKの話】[ED]部屋とガラクタと私／ミーマイナー(On-Cut)※第2話まで【naoo】.mp4
2026/04/16,【杖と剣のウィストリア Season 2】［OP2］BELIEVERS／ASH DA HERO（On-Semi-Mvc-Cut）※アニメ映像ver1.0・1話+番宣映像.mp4
2026/04/16,【杖と剣のウィストリア Season 2】［OP2］BELIEVERS／ASH DA HERO（On-Semi-Mvc-Cut）※本人映像.mp4
2026/04/16,MAO (off-UVRchorus-on) 呪愛【TRUE】.mp4
2026/04/16,【彼女、お借りします 第5期】[OP]ノンシナリオ・エチュード(on-off)／雨宮天.mp4
2026/04/16,[何なんですか？／shallm ]『女神「異世界転生何になりたいですか」 俺「勇者の肋骨で」[on-off].mp4
2026/04/16,[INTERNET ANGEL／Aiobahn ＋81]NEEDY GIRL OVERDOSE[on-off].mp4
2026/04/16,自称悪役令嬢な婚約者の観察記録 (off-UVRchorus-on) ラフレア【宮川愛季】.mp4
2026/04/16,【NEEDY GIRL OVERDOSE】[OP]INTERNET ANGEL[超てんちゃん](on-cut)krk[アニメPV].mp4
2026/04/16,【NEEDY GIRL OVERDOSE】[OP]INTERNET ANGEL[超てんちゃん](on-cut)krk[アニメPV].mp4
2026/04/16,Fate／strange Fake (off-UVRchorus-on) 潜在的なアイ【13.3g】※2026 4／15 配信 アニメ公式 MV.mp4.mp4
2026/04/15,【女子力高めな獅子原くん】LOVE FIGHT／CHiCO with HoneyWorks(on-cut).mp4
2026/04/15,【魔法の姉妹ルルットリリィ】Bubee パート分け（２話まで）／ILLIT.mp4
2026/04/15,【あかね噺】「人誑し」[OP][桑田佳祐][2tr Off-On].mp4
2026/04/15,【パリに咲くエトワール】「風に乗る」[TM][緑黄色社会][2tr Off-On].mp4
2026/04/15,【アイカツ!×プリパラ THE MOVIE -出会いのキセキ!-】「ハッピーチューニング」[Tm][るか、りえ、みき、真中らぁら（茜屋日海夏）、南みれぃ（芹澤優）、北条そふぃ（久保田未夢）][On-Off][アニメ][芝ちゃん]パート分け有.mp4
2026/04/15,【NEEDY GIRL OVERDOSE】[ED]れびてーしょん／キタニタツヤ(On-Cut)【naoo】.mp4
2026/04/15,【杖と剣のウィストリア Season 2 OP】 BELIEVERS(cut&コーラス入-on) ／ ASH DA HERO_けんちぃ_1221.mp4
2026/04/15,【とんがり帽子のアトリエ OP】 風のアンセム(cut&コーラス入-on)_パート分け ／ Eve feat.suis from ヨルシカ_けんちぃ_1217.mp4
2026/04/15,【よわよわ先生】[OP]COMIT COMET(on-off)_オンエアver.／DAOKO.mp4
2026/04/15,マリッジトキシン (off-UVRchorus-on) シャケナベイベー【AKASAKI】※Ver1 暫定版 アニメ公式 MV.mp4
2026/04/15,【日本三國】 [ED] 誓い／Leina ※bb301 (On-Off).mp4
2026/04/15,【ホロライブ】「めくるめくランデヴー」[IM]FUWAMOCO][2tr Off-On].mp4
2026/04/15,【日本三國】 [OP] 火種／キタニタツヤ ※bb300 (On-Off).mp4
2026/04/15,自動販売機に生まれ変わった俺は迷宮を彷徨う3rd season (on) ジハンキズム※ビバラッシュ MV.mp4
2026/04/14,【日本三國】[ED]誓い／Leina(On-Cut)【naoo】.mp4
2026/04/14,ただいま、おじゃまされます！ (off-UVRchorus-on) さんかくゲーム【『ユイカ』】.mp4
2026/04/14,【喰霊-零-】「霊喰い」[IN][妖精帝國][2tr Off-On].mp4
2026/04/14,【ふしぎの海のナディア 挿入曲カバー】 ナディアのテーマ No.6(cut&コーラス入-off-on) ／ 独立原野党 with 杉並児童合唱団_けんちぃ_989.mp4
2026/04/14,【自動販売機に生まれ変わった俺は迷宮を彷徨う】「ジハンキズム上げ直し」[Op][ビバラッシュ][On-Off][アニメ][悠季].mp4
2026/04/13,灰原くんの強くて青春ニューゲーム (off-UVRchorus-on) ドラマチック逃避行※愛美 MV.mp4
2026/04/13,【魔法の姉妹ルルットリリィ】-ILLIT-Bubee(cut-on).mp4
2026/04/13,【日本三國】-キタニタツヤ-火種(cut-on)暫定版.mp4
2026/04/13,【地獄先生ぬ～べ～】[OP2]ERASE(最終話反映)／THE ORAL CIGARETTES〔MVC-On-Off〕.mp4
2026/04/13,【29歳独身中堅冒険者の日常】君が灯してくれた光を今／HoneyWorks feat.Hanon(off-on).mp4
2026/04/13,【めぞん一刻】「メロディー」[In][音無響子（CV. 島本須美）][On-Off][アニメ][芝ちゃん].mp4
2026/04/13,【ドラドラ子猫とチャカチャカ娘 OPEDメドレー】 ドラドラ子猫とチャカチャカ娘、地球のマーチ(cut&コーラス入-on)_けんちぃ_981.mp4
2026/04/13,【ジムボタン OP】 ジムボタンの歌(cut-on) ／ 堀江美都子＋こおろぎ'73_けんちぃ_220.mp4
2026/04/13,【プロジェクトセカイ カラフルステージ! feat. 初音ミク】-ワンダーランズ×ショウタイム-とびだせ！わんだぴょい(cut-on)2DMV.mp4
2026/04/13,【プロジェクトセカイ カラフルステージ! feat. 初音ミク】-25時、ナイトコードで。-告白(cut-on)2DMV.mp4
2026/04/13,【プロジェクトセカイ カラフルステージ! feat. 初音ミク】-25時、ナイトコードで。-告白(cut-on)3DMV.mp4
2026/04/13,【プロジェクトセカイ カラフルステージ! feat. 初音ミク】-Vivid BAD SQUAD-透過する温度(cut-on)2DMV.mp4
2026/04/13,【プロジェクトセカイ カラフルステージ! feat. 初音ミク】-MORE MORE JUMP!-カラフルファンデーション(cut-on)2DMV.mp4
2026/04/12,遠くへ行きたい (遠くへ行きたい_OP) 尾崎紀世彦 (2ch_VC_ON) UVR online版.mp4
2026/04/12,Pages (cut) 本好きの下剋上 領主の養女【Little Glee Monster】.mp4
2026/04/12,【カラオケMC】春日部つむぎ_#04初顔合わせ.mp4
2026/04/12,【勇者パーティーにかわいい子がいたので、告白してみた。】Lavish!!／吉乃(vcc-vc-on).mp4
2026/04/12,【上伊那ぼたん、酔へる姿は百合の花】 [ED] 感情グラス／上伊那ぼたん (CV鈴代紗弓) bb299 (On-Off).mp4
2026/04/12,【上伊那ぼたん、酔へる姿は百合の花】 [OP] 芽吹くとき／yonige bb 298 (On-Off).mp4
2026/04/12,【リィンカーネーションの花弁】[OP]Glitch(on-off)_第2話まで／eill.mp4
2026/04/12,suumer visit ※JPOP (off-弱ボーカル-UVRコーラス入-on) ／華原朋美.mp4
2026/04/12,【ようこそ実力至上主義の教室へ 4th Season 2年生編1学期 OP】 MONSTER(cut&コーラス入-on) ／ 藍井エイル_けんちぃ_1205.mp4
2026/04/12,【Dr.STONE SCIENCE FUTURE】［ED8］ROCKET／BURNOUT SYNDROMES（On-Semi-Mvc-Cut）※アニメ映像ver1.0・2話+番宣映像.mp4
2026/04/12,【Dr.STONE SCIENCE FUTURE】［ED8］ROCKET／BURNOUT SYNDROMES（On-Semi-Mvc-Cut）※本人映像.mp4
2026/04/12,【Fes×Live映像】[蓮ノ空女学院スクールアイドルクラブ]今、過去、未来の三原色_ラブライブ！蓮ノ空女学院スクールアイドルクラブ[105期フィナーレ曲]_OnVocal.mp4
2026/04/12,【Fes×Live映像】[蓮ノ空女学院スクールアイドルクラブ]Dream Believers（B. G. P. Ver.）_ラブライブ！蓮ノ空女学院スクールアイドルクラブ[105期フィナーレ曲]_OnVocal.mp4
2026/04/12,[劇場版 うたの☆プリンスさまっ♪ TABOO NIGHT XXXX] 零-Zero- (アニメ)(Off，On)／寿嶺二(森久保祥太郎).mp4
2026/04/12,スノウボールアース (off-UVRchorus-on) 今この胸に滾るのは【ヒグチアイ】.mp4
2026/04/12,異世界のんびり農家2 (off-UVRchorus-on) Sunny Steps【緋月ゆい】※Ver1 暫定版.mp4
2026/04/12,クジマ歌えば家ほろろ (on) 木漏れ日坂※Galileo Galilei MV.mp4
2026/04/12,リィンカーネーションの花弁 (off-UVRchorus-on) 零【Sizuk】※Ver1 暫定版 アニメ公式 MV.mp4
2026/04/11,【Fes×Live映像】[スリーズブーケ]不思議と君とライブラリー（B. G. P. Ver.）_ラブライブ！蓮ノ空女学院スクールアイドルクラブ[105期 Final Term Fes×LIVE披露曲]_[3tr](Live-Off-CDOn).mp4
2026/04/11,「爆裂愛してる（Live Ver.）」M!LK【オフボーカル・コーラス入り】.mp4
2026/04/11,「Here， the world!（ライブ映像）」sumimi【オフボーカル・コーラス入り】.mp4
2026/04/11,【ライブ映像 FLOWER MUSIC LIVE】[虹ヶ咲学園スクールアイドル同好会]Boooooom Boooooom Bee！！_ラブライブ！虹ヶ咲学園スクールアイドル同好会[NIJIGAKU FLOWER MUSIC]_[4tr](CDOn-Off-Live).mp4
2026/04/11,ゼッタイMUST断面／ドロヘドロ Season2／(K)NoW_NAME(on-semi-off).mp4
2026/04/11,【ホロライブ】「彗星(MV)」[IM][星街すいせい][2tr Off-On].mp4
2026/04/11,【灰原くんの強くてニューゲーム】「ドラマチック逃避行」[Ed][愛美][On-Off][アニメ][悠季].mp4
2026/04/11,CAN YOU CELEBRATE ※JPOP PV映像 パート分け有 ／安室奈美恵「_mixed.mp4
2026/04/11,転生したらスライムだった件 第4期 (off-UVRchorus-on) 絵空事【藍井エイル】※Ver1 暫定版.mp4
2026/04/11,【ホロライブ】「トキハナテ」[IM][獅白ぼたん][2tr Off-On].mp4
2026/04/11,【名探偵コナン ハイウェイの堕天使】[劇場版第29弾]ラストダンスあなたと[MISIA](on-cut)krk[アニメPV].mp4
2026/04/11,【名探偵コナン ハイウェイの堕天使】[劇場版第29弾]ラストダンスあなたと[MISIA](on-cut)krk[アニメPV].mp4
2026/04/11,【劇場版ハイスクール・フリート主題歌】Free Turn／Try Sail(on-offパート分有ver2).mp4
2026/04/11,【スノウボールアース ED】 今この胸に滾るのは(cut&コーラス入-on) ／ ヒグチアイ_けんちぃ_1226.mp4
2026/04/11,【リィンカーネーションの花弁 ED】 零(cut&コーラス入-off-on)_アニメMV版 ／ Sizuk feat.AYAME_けんちぃ_1231.mp4
2026/04/11,レプリカだって、恋をする。 (off-UVRchorus-on) あわ【asmi】※Ver1 暫定版.mp4
2026/04/11,ただいま、おじゃまされます！ (off-UVRchorus-on) さんかくゲーム※『ユイカ』 MV.mp4
2026/04/11,転生したらスライムだった件 第4期 (on) 絵空事※藍井エイル MV.mp4
2026/04/10,RAY OF HERO [PV] (cut) マブラヴ ガールズガーデン.mp4
2026/04/10,[劇場版 うたの☆プリンスさまっ♪ TABOO NIGHT XXXX] God Love警報発令 (アニメ)(Off，On)／美風藍(蒼井翔太)、カミュ(前野智昭).mp4
2026/04/10,【うえきの法則】「ボクたちにあるもの」[Ed][朴璐美][On-Off][アニメ][芝ちゃん].mp4
2026/04/10,【銀の匙 Silver Spoon 第2期】オトノナルホウヘ→（Ver2）（パート分け）／Goose house［on-cut］.mp4
2026/04/10,【ただいま、おじゃまされます！ ED】 さんかくゲーム(cut&コーラス入-on) ／ 『ユイカ』_けんちぃ_1229.mp4
2026/04/10,【推しの子】［IN］Bのリベンジ／B小町（On4種-Semi-Off）※アニメ映像ver3.1・3期最終話まで・パート分け有り.mp4
2026/04/10,【最強の職業は勇者でも賢者でもなく鑑定士（仮）らしいですよ？】[ED]もーいーかい？／ファントムシータ(On-Cut)【naoo】.mp4
2026/04/10,本好きの下剋上 領主の養女 (off-UVRchorus-on) 今も、ありがとう※生田絵梨花 MV.mp4
2026/04/10,【幼馴染とはラブコメにならない】あいらびゅ♡(パート分け)(ver2)／HoneyWorks meets 水萌汐・火威灯・月見るな・日向春(久住琳・芹澤優・平塚紗依・山本悠有希)[on-cut].mp4
2026/04/10,【29歳独身中堅冒険者の日常】君が灯してくれた光を今／HoneyWorks feat.Hanon[on-cut].mp4
2026/04/10,【カナン様はあくまでチョロい】「初恋モーメント」[Op][Faulieu.][On-Off][アニメ][悠季].mp4
2026/04/10,【ゴーストコンサート  missing Songs】「茨の道」[Ed][オデッセウス（CV：寿美菜子）][On-Off][アニメ][加古].mp4
2026/04/10,葬送のフリーレン 第2期 (off-UVRchorus-on) Trace【milet】※ED2 最終話専用 ED.mp4
2026/04/10,【超時空要塞マクロスII-LOVERS AGAIN-】「de・ja・vu～そばにいて」[ED][金子美香][2tr Off-On].mp4
2026/04/10,【ばっどがーる】[IM]AWAKE​​(on-off)／水鳥亜鳥(CV.花宮初奈).mp4
2026/04/10,【カヤちゃんはこわくない】「まぼろしの行方」[OP][ヰ世界情緒][2tr Off-On].mp4
2026/04/10,【推しの子】 (off-UVRchorus-on) チェキチェキ LOVE ME 有馬かな Solo Ver【有馬かな（CV：潘めぐみ）】※第3期 有馬かな のみ編集100％動画 キャラクターソングCD Vol.5.mp4
2026/04/10,ようこそ実力至上主義の教室へ 4th Season 2年生編1学期 (off-UVRchorus-on) ライアーヴェール※ZAQ MV.mp4
2026/04/09,【異世界のんびり農家２】[OP]／It’s a beautiful story／ルールーシー＝ルー(CV.下地紫野)＆ティア(CV.洲崎綾)／On-Off.mp4
2026/04/09,【ご注文はうさぎですか？】のんピースマイペース／ココア 千夜.mp4
2026/04/09,【レプリカだって、恋をする。】「あわ」[Ed][asmi][On-Off][アニメ][悠季].mp4
2026/04/09,灰原くんの強くて青春ニューゲーム (off-UVRchorus-on) Fly Again!!【前島亜美】※Ver1 暫定版.mp4
2026/04/09,【レプリカだって、恋をする。】[ED]あわ／asmi(On-Cut)【naoo】.mp4
2026/04/09,【異世界のんびり農家２】[ED]Sunny Steps／緋月ゆい(On-Cut)【naoo】.mp4
2026/04/09,【転生したらスライムだった件 4th Season OP】 絵空事(cut&コーラス入-on) ／ 藍井エイル_1223.mp4
2026/04/09,ようこそ実力至上主義の教室へ 4th Season 2年生編1学期 (off-UVRchorus-on) MONSTER※藍井エイル MV.mp4
2026/04/09,自称悪役令嬢な婚約者の観察記録 (off-UVRchorus-on) ラフレア※宮川愛季 MV.mp4
2026/04/09,灰原くんの強くて青春ニューゲーム (on) Fly Again!!※前島亜美 MV.mp4
2026/04/09,MAO (on) 呪愛※TRUE MV.mp4
2026/04/08,【灰原くんの強くてニューゲーム】「Fly Again!!修正版」[Op][前島亜美][On-Off][アニメ][悠季].mp4
2026/04/08,【カラオケMC】春日部つむぎ_#02小休止.mp4
2026/04/08,【カラオケMC】春日部つむぎ_#01挨拶.mp4
2026/04/08,【カラオケMC】春日部つむぎ_#03スマフォ!.mp4
2026/04/08,【ツバサ・クロニクル】「ユメノツバサ」[In][牧野由依][On-Off][アニメ][芝ちゃん].mp4
2026/04/08,【自称悪役令嬢な婚約者の観察記録。】[OP]ラフレア／宮川愛李(On-Cut)【naoo】.mp4
2026/04/08,【MAO】[ED]呪愛／TRUE(On-Cut)【naoo】.mp4
2026/04/08,【本好きの下剋上 領主の養女】 [OP] Pages／Little Glee Monsters ※パート分け無し bb297 (On-Off).mp4
2026/04/08,ハナノイロ【アニぱら音楽館・nano.RIPE、ELISA】.mp4
2026/04/08,GO!ALEX!～希望誕生～【Street Fighter 6・JAM Project】.mp4
2026/04/08,特警ウインスペクター【アニぱら音楽館・宮内タカユキ、遠藤正明】.mp4
2026/04/08,道(タオ)【アニぱら音楽館・水木一郎】.mp4
2026/04/08,真っ赤な誓い【アニぱら音楽館・福山芳樹、影山ヒロノブ、遠藤正明】.mp4
2026/04/08,女々しくて【アニぱら音楽館・ゴールデンボンバー、影山ヒロノブ】.mp4
2026/04/08,キミガタメ(後奏カット)【アニぱら音楽館・遠藤正明】.mp4
2026/04/08,Zのテーマ【アニぱら音楽館・水木一郎、影山ヒロノブ】.mp4
2026/04/08,カリスマピクニック【超人的シェアハウスストーリー『カリスマ』・七人のカリスマ】.mp4
2026/04/08,ムンラホルマオ【超人的シェアハウスストーリー『カリスマ』・天堂天彦(田中涼星)】.mp4
2026/04/08,【ばっどがーる】[IM]AWAKE​​(on-off)_パート分け／天狼群.mp4
2026/04/08,【真夜中ハートチューン】「月に向かって撃て」[OP][星街すいせい][2tr Off-On].mp4
2026/04/08,【ようこそ実力至上主義の教室へ 4th Season 2年生編1学期 ED】 ライアーヴェール(cut&コーラス入-on) ／ ZAQ_けんちぃ_1206.mp4
2026/04/08,[朧／不知火フレア＆アイリス]ホロライブ[on-off].mp4
2026/04/08,【にじさんじ】「ネオンと残像」[IM][町田ちま][2tr Off-On].mp4
2026/04/08,お隣の天使様にいつの間にか駄目人間にされていた件 第2期 (off-UVRchorus-on) 君は恋人※オーイシマサヨシ MV.mp4
2026/04/07,[防人恋歌／不知火フレア]ホロライブ[on-off].mp4
2026/04/07,[Pink Rose／フレア＆アキ]ホロライブ[on-off].mp4
2026/04/07,[Silent Flame，Never Fade／不知火フレア]ホロライブ[on-off].mp4
2026/04/07,正反対な君と僕 (off-UVRchorus-on) メガネを外して【乃紫】※Ver2 最終話まで.mp4
2026/04/07,【春夏秋冬代行者 春の舞】Petals ※OP(off-弱ボーカル-UVRコーラス入り-on) ／Orangestar feat.夏背.mp4
2026/04/07,【サンリオ歌ったみた】さくらんぼ／サンリオ／こぎみゅん.mp4
2026/04/07,【サンリオ歌ってみた】チョコレイト・ディスコ／サンリオ／こぎみゅん.mp4
2026/04/07,【ゴーストコンサート：missing Songs OP】 業魂REQUIEMER(cut&コーラス入-on) ／ 相葉芹亜(CV.藤寺美徳)_けんちぃ_1209.mp4
2026/04/07,【春夏秋冬代行者 春の舞 OP】 Petals(cut&コーラス入-on) ／ Orangestar feat.夏背_けんちぃ_1207.mp4
2026/04/07,【春夏秋冬代行者 春の舞】「冬の歌(寒椿狼里)」[挿入歌][牛尾憲輔][On-Off][アニメ][悠季].mp4
2026/04/07,【マブラヴ ガールズガーデン】「RAY OF HERO」[IN][榊原ゆい][2tr Off-On].mp4
2026/04/07,【プリンセッション・オーケストラ】「未来つなぐオーケストラ」[Ed][オルケリア][On-Off][アニメ][加古].mp4
2026/04/07,スノウボールアース (off-UVRchorus-on) 零-zero-【tuki.】※Ver1 暫定版.mp4
2026/04/06,【春夏秋冬代行者 春の舞】「Petals feat.夏背」[Op][Orangestar][On-Off][アニメ][悠季].mp4
2026/04/06,運命の華／トゲナシトゲアリ／劇場版総集編 ガールズバンドクライ なぁ、未来。 (MVC-On-Off-On[LIVE]) 【劇場版アニメ映像】.mp4
2026/04/06,arrow／トゲナシトゲアリ／劇場版総集編 ガールズバンドクライ なぁ、未来。 (MVC-On-Off).mp4
2026/04/06,もう何もいらない未来／トゲナシトゲアリ／劇場版総集編 ガールズバンドクライ 青春狂走曲 (MVC-On-Off).mp4
2026/04/06,【正反対な君と僕】-乃紫-メガネを外して(cut-on)最終話まで.mp4
2026/04/06,【炎炎ノ消防隊 参ノ章】-西川貴教-Ignis -イグニス-(cut-on)最終話まで.mp4
2026/04/06,【お隣の天使様にいつの間にか駄目人間にされていた件2 ED1】 うれしい！たのしい！大好き！(cut&コーラス入-on) ／ 椎名真昼_けんちぃ_1211.mp4
2026/04/06,【Dr.STONE SCIENCE FUTURE】［OP8］スキンズ／ASIAN KUNG-FU GENERATION（On-Semi-Mvc-Cut）※アニメ映像ver1.0・1話+番宣映像.mp4
2026/04/06,リアルワールド／佐藤こはる（伊藤美来）／塩対応の佐藤さん (MVC-On-Off-On[nano.RIPE]) 【人類は衰退しました コラボPV】.mp4
2026/04/06,【本好きの下剋上 領主の養女】Pages／Little Glee Monster(vcc-vc-on).mp4
2026/04/06,【Dr.STONE SCIENCE FUTURE】［OP8］スキンズ／ASIAN KUNG-FU GENERATION（On-Semi-Mvc-Cut）※本人映像.mp4
2026/04/05,【プリンセッション・オーケストラ】「ゼンセカイ歌姫宣言」[In][オルケリア][On-Off][アニメ][加古].mp4
2026/04/05,「北の魔女とイエティ」tofubeats feat. 雪ましろ【オフボーカル・コーラス入り】.mp4
2026/04/05,【本好きの下剋上 領主の養女】 [ED] 今も、ありがとう／生田絵梨花 ※bb296 (On-Off).mp4
2026/04/05,Kick Starter (off) 誰ソ彼のシェイプシフター.mp4
2026/04/05,最強の王様二度目の人生は何をする Season2 (off-UVRchorus-on) 二つの道※22／7 MV.mp4
2026/04/05,【ガンバレ！中村くん！！】 [ED] 初恋／村下孝蔵 ※1話目ED bb295 (On-Off).mp4
2026/04/05,【お隣の天使様にいつの間にか駄目人間にされていた件2】「君は恋人(修正版)」[Op][オーイシマサヨシ][On-Off][アニメ][悠季].mp4
2026/04/05,【頭文字D】REMEMBER ME／LESLIE PARRISH(ON-CUT).mp4
2026/04/05,【THE iDOLM@STER SP】 [GM] Colorful Days(M@STER VERSION 12Colors) ※パート分けなし bb294 (On-Off).mp4
2026/04/05,[多聞くん今どっち！？]ED 花と夢 (アニメ)(Off，On)／FACE.mp4
2026/04/05,【ある日、ラブソングを】 [IN] 眠れぬ夜／オフコース bb293 (On-Off).mp4
2026/04/05,【お隣の天使様にいつの間にか駄目人間にされていた件2】「うれしい!たのしい!大好き!」[Ed][椎名真昼][On-Off][アニメ][悠季].mp4
2026/04/05,[多聞くん今どっち！？]OP Sweet Magic (アニメ)(Off，On)／FACE.mp4
2026/04/05,【ライブ映像 - 5th Live】[蓮ノ空女学院スクールアイドルクラブ]チャーミングな花束を！_ラブライブ！蓮ノ空女学院スクールアイドルクラブ[8thシングル]_[3tr](Live-Off-CDOn).mp4
2026/04/05,【あかね噺】 [OP] 人誑し ひとたらし／桑田佳祐 ※アニメMV＋ちょい編集 bb292 (On-Off).mp4
2026/04/05,逃がした魚は大きかったが釣りあげた魚が大きすぎた件 (on) 誓いはキュンと※HoneyWorks feat.鈴木愛理 MV.mp4
2026/04/05,リラックマ (off-UVRchorus-on) stay with me【幾田りら】※2026 春クール版.mp4
2026/04/05,【絶園のテンペスト】「Spirit Inspiration」[Op][Nothing's Carved In Stone][On-Off][アニメ][芝ちゃん].mp4
2026/04/05,LIVE映像＋PV_君がいるだけで_米米CLUB_2CH.mp4
2026/04/05,【大賢者リドルの時間逆行 ED】 Savage(cut&コーラス入-off-on) ／ 亜咲花_けんちぃ_1203.mp4
2026/04/04,【スノウボールアース】[OP]零-zero-／tuki.(On-Cut)【naoo】.mp4
2026/04/04,転生したらドラゴンの卵だった (off-UVRchorus-on) Gliding Claw(feat. AYAME)【Sizuk】※Ver2 最終話まで.mp4
2026/04/04,【Fes×Live映像】[Edel Note]シアター生き様_ラブライブ！蓮ノ空女学院スクールアイドルクラブ[105期 4th Term Fes×LIVE披露曲]_[3tr](Live-Off-CDOn).mp4
2026/04/04,【Fes×Live映像】[蓮ノ空女学院スクールアイドルクラブ]雪舞う空と二秒の永遠_ラブライブ！蓮ノ空女学院スクールアイドルクラブ[105期 4th Term Fes×LIVE披露曲]_[3tr](Live-Cut-Off).mp4
2026/04/04,荒ぶる魂+α【スーパーロボット大戦α・水木一郎，葉山宏治】.mp4
2026/04/04,お願いマッスル Bulk Up!!! Edit【PFダンベル何キロ持てる？・遠藤正明】.mp4
2026/04/04,不思議CALL ME【アニぱら音楽館・MIQ、遠藤正明】.mp4
2026/04/04,【勇者パーティを追い出された器用貧乏】[OP]シルベ(最終話反映)／常闇トワ〔MVC-On-Semi-Off〕.mp4
2026/04/04,【どうせ、恋してしまうんだ。 第2期】[OP]LとR(on-off)_最終話まで／MEI.mp4
2026/04/04,【お隣の天使様にいつの間にか駄目人間にされていた件2 OP】 君は恋人(cut&コーラス入-on) ／ オーイシマサヨシ_けんちぃ_1204.mp4
2026/04/04,超かぐや姫 (off-UVRchorus-on) メルト CPK! Remix (かぐや ver.)【かぐや(CV：夏吉ゆうこ)】.mp4
2026/04/04,魔王の娘は優しすぎる!! (off-UVRchorus-on) We Can Do!!【石原夏織】※Ver2 最終話まで.mp4
2026/04/03,さんさーら！／ARuFa［on-cut］.mp4
2026/04/03,【勇者刑に処す】[OP]／Kill the Noise(10話～最終話編集)／SPYAIR／On-O.mp4
2026/04/03,【Fes×Live映像】[DOLLCHESTRA]ガランドFlash_ラブライブ！蓮ノ空女学院スクールアイドルクラブ[105期 4th Term Fes×LIVE披露曲]_[3tr](Live-Off-CDOn).mp4
2026/04/03,【Fes×Live映像】[みらくらぱーく！]バイタルサイン_ラブライブ！蓮ノ空女学院スクールアイドルクラブ[105期 4th Term Fes×LIVE披露曲]_[3tr](Live-Off-On).mp4
2026/04/03,【灰原くんの強くて青春ニューゲーム】[OP]Fly Again!!／前島亜美(On-Cut)【naoo】.mp4
2026/04/03,【逃がした魚は大きかったが釣りあげた魚が大きすぎた件 OP】 誓いはキュンと。(cut&コーラス入-off-on) ／ HoneyWorks feat.鈴木愛理_けんちぃ_1202.mp4
2026/04/03,【Ａチャンネル】ハミングガール(パート分け)／るん(福原香織)、トオル(悠木碧)、ナギ(内山夕実)、ユー子(寿 美菜子)[on-cut](映像提供聖さん).mp4
2026/04/03,【かなめも】君へとつなぐココロ(パート分け)／中町かな(豊崎愛生)、天野咲紀(水原薫)、久地院美華(釘宮理恵)[on-cut](映像提供聖さん).mp4
2026/04/03,【Fes×Live映像】[スリーズブーケ]乙女詞華集_ラブライブ！蓮ノ空女学院スクールアイドルクラブ[105期 4th Term Fes×LIVE披露曲]_[3tr](Live-Off-CDOn).mp4
2026/04/03,【劇場版 僕の心のヤバイやつ】「神様の秒針を壊した」[IN][こはなむら][2tr Off-On].mp4
2026/04/03,【劇場版 僕の心のヤバイやつ】「春となり」[IN][あらたよ feat. 市川京太郎 & 山田杏奈][2tr Off-On].mp4
2026/04/03,【妖怪伝 猫目小僧】「猫目小僧」[OP][堀江美都子・コロムビアゆりかご会][2tr Off-On].mp4
2026/04/03,【学園アイドルマスター】「EGO」[IM][花海咲季(長月あおい)][2tr Off-On].mp4
2026/04/03,【にじさんじ】「響鳴(1M Sub Ver.)」[IM][樋口楓][2tr Off-On].mp4
2026/04/03,【ホロライブ】「Silent Flame，Never Fade」[IM][不知火フレア][2tr Off-On].mp4
2026/04/03,【春よ、来い】／松任谷由実(PV)(On-Off chorus-Off).mp4
2026/04/03,【絶園のテンペスト】「僕たちの歌」[Ed][佐香智久][On-Off][アニメ][芝ちゃん].mp4
2026/04/02,【逃した魚は大きかったが釣り上げた魚が大きすぎた件】『OP』[誓いはキュンと。]「HoneyWorks feat.鈴木愛理」(On-Off)(百合川).mp4
2026/04/02,【逃がした魚は大きかったが釣り上げた魚が大きすぎた件】「誓いはキュンと。(feat.鈴木愛理)」[Op][MARUMOCHI from HoneyWorks][On-Off][アニメ][悠季].mp4
2026/04/02,Return ﾄｩ 頭／ドロヘドロ2期ED／(K)NoW_NAME(on-semi-off).mp4
2026/04/02,【地獄楽】[ED]PERSONAL／女王蜂(On-Cut)※最終話まで【naoo】.mp4
2026/04/02,【東京喰種】「unravel」[OP][TK from 凛として時雨][2tr Off-On].mp4
2026/04/02,[遙かなる時空の中で2] 初嵐の眩暈をお前と (LIVE=2026)(Off，On)／平勝真(関智一).mp4
2026/04/02,【宇宙刑事ギャバン】「宇宙刑事ギャバン(Cover)」[OP][ムック][2tr Off-On].mp4
2026/04/01,【ゾンビランドサガ リベンジ】Beginning〔6パート分け〕／フランシュシュ［on-off］〔アニメ映像〕.mp4
2026/04/01,[THERE IS A REASON／鈴木このみ]ノーゲーム・ノーライフ ゼロ [on-off].mp4
2026/04/01,【真夜中ハートチューン】「好き!!(AG.ver)」[挿入歌][井ノ華六花][アニメ][悠季](On-Off).mp4
2026/04/01,LIVE映像_瞳をとじて_平井 堅_2CH.mp4
2026/04/01,【ルパン三世 PART5】「セーヌの風に…（Adieu）」[Ed][沢城みゆき][On-Off][アニメ][芝ちゃん].mp4
2026/04/01,【世界でいちばん強くなりたい!】「Fan Fanfare!!!」[Ed][Sweet Diva][On-Off][アニメ][芝ちゃん]パート分け有.mp4
2026/04/01,【Reステージ！ ドリームデイズ♪】「Don’t think， スマイル!!」[Op][KiRaRe][On-Off][アニメ][芝ちゃん]パート分け有.mp4
2026/04/01,【BEYBLADE X】「渦」[Ed][imase][On-Off][アニメ][芝ちゃん].mp4
2026/04/01,【TRIGUN STARGAZE】「ピカレスクヒーロー」[Op][ano][On-Off][アニメ][芝ちゃん]※アニメ映像.mp4
2026/04/01,【TRIGUN STARGAZE】「スターダスト」[Ed][FOMARE][On-Off][アニメ][芝ちゃん]※アニメ映像.mp4
2026/04/01,【どうせ、恋してしまうんだ。】「初恋」[Ed][berry meet][On-Off][アニメ][芝ちゃん]※最終話バージョン.mp4
2026/04/01,【葬送のフリーレン 第2期】[ED]The Story of Us(on-off)_最終話まで／milet.mp4
2026/04/01,【勇者パーティを追い出された器用貧乏】「シルベ」[OP][常闇トワ][2tr Off-On].mp4
2026/03/31,LIVE映像_楓_スピッツ_2CH.mp4
2026/03/31,Official MV_北風 -君に届きますように-_槇原敬之_2CH.mp4
2026/03/31,【異世界でチート能力を手にした俺は、現実世界をも無双する ～レベルアップは人生を変えた～ OP】 逆転劇_TVSP版 ／ 月詠み_けんちぃ_1202.mp4
2026/03/31,【銀魂゜】プライド革命／CHiCO with HoneyWorks(on-cut).mp4
2026/03/31,【有頂天家族2】-milktub-成るがまま騒ぐまま(cut-on)最終話まで.mp4
2026/03/31,【鉄のラインバレル】-ALI PROJECT-鬼帝の剣(cut-on)最終話まで.mp4
2026/03/31,【夜桜四重奏~ハナノウタ~】-UNISON SQUARE GARDEN-桜のあと(all quartets lead to the)(cut-on)最終話まで.mp4
2026/03/31,【アルネの事件簿】-Sou-Q.E.D.(cut-on)最終話まで.mp4
2026/03/31,【Fate／strange Fake】-13.3g-潜在的なアイ(cut-on)最終話まで.mp4
2026/03/31,謎／名探偵コナン／小松未歩.mp4
2026/03/31,【SI-VIS： The Sound of Heroes】[ED2]Singing Over(パート分け有)／SI-VIS〔Semi-On-MVC-Off〕.mp4
2026/03/30,【ひみつのアイプリ】「Piece Of Dream」[In][七浦すばる（CV.小林竜之）][On-Off][アニメ][加古].mp4
2026/03/30,【魔術師クノンは見えている】ラケナリアの夢／ヰ世界情緒(vc-on).mp4
2026/03/30,（CDサイズ）[いきづらい部]Dou-Da？ DOING！_イキヅライブ！LOVELIVE! BLUEBIRD[2nd Single]_[2tr](On-Off).mp4
2026/03/30,【地獄楽 第二期】［OP］かすかなはな／キタニタツヤ featuring BABYMETAL（On3種-Semi-Mvc-Off）※アニメ映像ver3.1・最終話まで・パート分け有り.mp4
2026/03/30,【ホロライブ】「色は匂えども」[IM][いろはにほへっとあやふぶみ][2tr Off-On].mp4
2026/03/29,Imperium (off)k 姫と艶欲のインペリウム.mp4
2026/03/29,【ずっと前から好きでした。～告白実行委員会～】恋色に咲け／CHiCO with HoneyWorks(on-cut).mp4
2026/03/29,【BanG Dream!】STAR BEAT～ホシノコドウ～／Poppin'Party(on-cut).mp4
2026/03/29,【春夏秋冬代行者 春の舞】「春の歌(花葉雛菊)」[挿入歌][牛尾憲輔][On-Off][アニメ][悠季].mp4
2026/03/29,【クラスの大嫌いな女子と結婚することになった。】スキキライも追い越して(4人ver)(パート分け)／桜森朱音(矢野妃菜喜)、他[on-cut].mp4
2026/03/29,【綺麗にしてもらえますか。】綺麗。 （Ver2）／ゆう。［on-cut］.mp4
2026/03/29,【真夜中ハートチューン】「好き!!(カラオケVo.ver)」[挿入歌][井ノ華六花][アニメ][悠季](On-Off).mp4
2026/03/29,[劇場版 うたの☆プリンスさまっ♪ TABOO NIGHT XXXX] JINN-Ω-RAY (アニメ)(Off，On)／QUARTET NIGHT.mp4
2026/03/29,【葬送のフリーレン】[第38話 ED]Trace(on-off)／milet.mp4
2026/03/29,LIVE映像_OH MY LITTLE GIRL_尾崎豊_2CH.mp4
2026/03/29,【超かぐや姫！】[IN]Reply（公式アニメMV）／かぐや(夏吉ゆうこ)〔MVC-On-Off〕.mp4
2026/03/29,【暗殺教室】 3DS ゲーム 主題歌｜ ヌルヌル音頭 ／ ３年Ｅ組 ヌル担 (渚＆業＆寺坂＆中村＆殺せんせー)［ ON-OFF-chorus ］５パート分け.mp4
2026/03/29,【超かぐや姫！】[IN]Reply／かぐや(夏吉ゆうこ)〔MVC-On-Off〕.mp4
2026/03/28,【映画ドラえもん 新・のび太の海底鬼岩城】「Honto」[Tm][sumika][On-Off][アニメ][加古].mp4
2026/03/28,【PT_春風センセーション！ OP主題歌】春風センセーション！／新田恵海_v1【ON-OFF】.avi
2026/03/28,【ライブ映像 - 1stライブ】[いきづらい部]REGAIN AGAIN LLLLOVE_イキヅライブ！LOVELIVE! BLUEBIRD[2nd Single]_[3tr(Live-Off-CDOn].mp4
2026/03/28,【呪術廻戦（死滅回游 前編）】[ED]よあけのうた／jo0ji〔Semi-On-MVC-Off〕.mp4
2026/03/28,【魔都精兵のスレイブ2】[OP]光よ、僕に。(on-off)_TV放送Ver._最終話まで／鬼頭明里.mp4
2026/03/28,【機動戦士ガンダム 閃光のハサウェイ キルケーの魔女】「LAST」[IM][SennaRin][2tr Off-On].mp4
2026/03/28,【PT_リルカは幾重に夜を彩る OP主題歌】Rained Scope／Duca_v1【ON-OFF】.avi
2026/03/28,なぜ？謎？！ANSWER VC (On_Off).mp4
2026/03/28,【推しの子】 第3期 (off-UVRchorus-on) セレナーデ【なとり】※Ver2 最終話まで.mp4
2026/03/28,【無彩限のファントム・ワールド】Naked Dive／SCREEN mode(vcc-vc-on).mp4
2026/03/28,勇者パーティを追い出された器用貧乏 (off-UVRchorus-on) シルベ【常闇トワ】※Ver2 最終話まで.mp4
2026/03/27,【DIGIMON BEATBREAK】「(パート分け)BRAVE GROOVE」[Ed][iLiFE!][アニメ][悠季](On-Off).mp4
2026/03/27,【Lapis Re LiGHTs】私たちのSTARTRAIL（パート分け）／ラピスリライツ・スターズ［on-off］.mp4
2026/03/27,シャンピニオンの魔女 (off-UVRchorus-on) 君は【Ms.OOJA】※Ver2 最終話まで.mp4
2026/03/27,【シャンピニオンの魔女】[ED]君は／Ms.OOJA(On-Cut)※最終話まで【naoo】.mp4
2026/03/27,勇者パーティーにかわいい子がいたので、告白してみた。 (off-UVRchorus-on) Lavish!!【吉乃】※Ver2.mp4
2026/03/27,貴族転生 ～恵まれた生まれから最強の力を得る～ (off-UVRchorus-on) 綻び花よまた咲き誇れ【アリーチェ（CV：橘杏咲）】※第１１話 挿入歌.mp4
2026/03/27,【ホロライブ】「プリマドンナ」[IM][星街すいせい][2tr Off-On].mp4
2026/03/27,【SI-VIS： The Sound of Heroes】[第23話IN]MISSION(パート分け有)／SI-VIS〔Semi-On-MVC-Off〕.mp4
2026/03/27,【サイボーグ009 ED】 戦いおわって(cut&コーラス入-on) ／ ヴォーカル・ショップ_けんちぃ_983.mp4
2026/03/27,【サイボーグ009 OPED】 サイボーグ009、戦いおわって OPEDメドレー(cut&コーラス入-on) ／ マイスタージンガー、ヴォーカル・ショップ_けんちぃ_982.mp4
2026/03/26,【綺麗にしてもらえますか。】[OP]綺麗。／ゆう。(On-Cut)※最終話まで【naoo】.mp4
2026/03/26,Blacker Co.， Ltd.／イツカ▶／北斗の拳 拳王軍ザコたちの挽歌 (MVC-On-Off).mp4
2026/03/26,綺麗にしてもらえますか。 (off-UVRchorus-on) 若葉のころ【清浦夏実】※Ver2 最終話専用 ED.mp4
2026/03/26,魔都精兵のスレイブ2 (off-UVRchorus-on) LOVE LOVE ビーム【内田真礼】※ご褒美Ver ED2 第１１話まで.mp4
2026/03/25,【メダリスト第2期】[ED]／Rookies(本編フル編集ver)／Conton Candy／On-Off.mp4
2026/03/25,ポプラ通りの家 (キャプテンフューチャー_ED) ピーカブー (2ch_VC_ON) UVR online版.mp4
2026/03/25,【絶園のテンペスト】「happy endings」[Ed][花澤香菜][On-Off][アニメ][芝ちゃん].mp4
2026/03/25,【ひるね姫〜知らないワタシの物語〜】[ED]デイ・ドリーム・ビリーバー／高畑充希(On-Off chorus-off).mp4
2026/03/25,さくらんぼキッス~爆発だも~ん~[2022 mix] (cut) カラフルキッス12コの胸キュン【KOTOKO】※PV.mp4
2026/03/25,[遙かなる時空の中で] 太陽の背中 (LIVE)(Off，On)／イノリ(高橋直純).mp4
2026/03/25,[遙かなる時空の中で] 嵐になれ光になれ (LIVE)(Off，On)／イノリ(高橋直純).mp4
2026/03/25,【綺麗にしてもらえますか。】[ED]若葉のころ(on-off)_最終話まで／清浦夏実.mp4
2026/03/25,【ママとあそぼう!ピンポンパン 主題歌】 ピンポンパン体操(cut&コーラス入-on) ／ 杉並児童合唱団・お兄さん(金森勢) _けんちぃ_987.mp4
2026/03/25,【ホロライブ】「Vivid Stampede!!!!」[IM][バカタレサーカス][2tr Off-On].mp4
2026/03/25,【鎧真伝サムライトルーパー】「お気楽浄土へ」[IN][ROCKハラ短大][2tr Off-On].mp4
2026/03/25,熱闘甲子園 テーマソング_宿命_Official髭男dism_2CH_OFF改.mp4
2026/03/25,いつの日か (サイボーグ009 (1979年版)_ED) こおろぎ'73 (2ch_VC_ON) UVR online版.mp4
2026/03/25,死亡遊戯で飯を食う (off-UVRchorus-on) Breathe【Machico LIN(MADKID)】※一応パート分けあり 第４話 挿入歌.mp4
2026/03/24,死亡遊戯で飯を食う (off-UVRchorus-TV-on) ReBreathe【Machico LIN(MADKID)】※一応パート分けあり 第７話 挿入歌.mp4
2026/03/24,【きんいろモザイク】「祭りデス☆クリスマス!!」[Im][東山奈央 from Rhodanthe][On-Off][アニメ][芝ちゃん].mp4
2026/03/24,Official MV_島唄 (オリジナル・ヴァージョン)_THE BOOM_2CH.mp4
2026/03/24,祈り／死亡遊戯で飯を食う／藤川千愛.mp4
2026/03/24,[新世紀エヴァンゲリオン] 幸せは罪の匂い (LIVE=2026EVA30th)(Off，On)／高橋洋子.mp4
2026/03/24,【2026 ワールドベースボールクラシック Netflix 大会応援ソング】 タッチ(cut&コーラス入-on) ／ 稲葉浩志_けんちぃ_988.mp4
2026/03/24,【行け! 牛若小太郎 ED】 来るか妖怪(cut&コーラス入-on) ／ 杉浦芳博_けんちぃ_985.mp4
2026/03/24,【真夜中ハートチューン】「夢追白書」[挿入歌][井ノ華六花][アニメ][悠季](On-Off).mp4
2026/03/24,【アントニオ猪木テーマカバー】 いつも一緒に(cut&コーラス入-on) ／ 倍賞美津子_けんちぃ_984.mp4
2026/03/24,拷問バイトくんの日常 (off-UVRchorus-on) 明日天気になぁれ【寺島拓篤】※最終話のバイト０日目まで.mp4
2026/03/23,0B[ら]【ラブライブ！蓮ノ空】素顔のピクセル (パート分けあり) 【ｽﾘｰｽﾞﾌﾞｰｹ(103期生)】【Off】【ヤマテル】.mp4
2026/03/23,「朝焼けアプローチ」Prima Porta【オフボーカル・コーラス入り】.mp4
2026/03/23,「千夜一夜物語」SEKAI NO OWARI【オフボーカル・コーラス入り】.mp4
2026/03/23,LIVE映像_千の風になって_秋川雅史_2CH.mp4
2026/03/23,LIVE映像_唇のプライバシー_河合奈保子_2CH.mp4
2026/03/23,【学園アイドルマスター】「赤裸々」[IM][十王星南(陽高真白)][2tr Off-on].mp4
2026/03/23,【ホロライブ】「サマーハイヒール」[IM][大空スバル][2tr Off-On].mp4
2026/03/23,【ホロライブ】「溶けない結晶」[IM][大神ミオ][2tr Off-On].mp4
2026/03/23,【ホロライブ】「マイロア」[IM][常闇トワ][2tr Off-On].mp4
2026/03/23,【ホロライブ】「夜と雨 feat. 百鬼あやめ」[IM][大神ミオ][2tr Off-On].mp4
2026/03/23,【ホロライブ】「はらぺこのうた」[IM][角巻わため][2tr Off-On].mp4
2026/03/23,【マブラヴ ガールズガーデン】「CHAOS BANQUET」[IM][大田彩華][2tr Off-On].mp4
2026/03/23,【学園アイドルマスター】「わかしさわがしスカパンク」[IM][花海佑芽(松田彩音)、秦谷美鈴(春咲 暖)、十王星南(陽高真白)][2tr Off-On].mp4
2026/03/23,LIVE映像_熱き心に_小林 旭_2CH.mp4
2026/03/23,真夜中ハートチューン (off-UVRchorus-on) 声の軌跡【Soala】※Ver3.mp4
2026/03/22,LIVE映像_昴 -すばる-_谷村新司_2CH.mp4
2026/03/22,CHAOS BANQUET [PV] (cut) マブラヴ ガールズガーデン.mp4
2026/03/22,【takt op.Destiny】[OP]タクト（パート分け-公式アニメMV）／まふまふ&gaku〔Semi-On-Off〕.mp4
2026/03/22,真夜中ハートチューン (off-UVRchorus-on) 瞬く日々へ【井ノ華六花（CV：瀬戸桃子）】※第７話 第１１話 挿入歌.mp4
2026/03/22,魔王の娘は優しすぎる!! (off-UVRchorus-on) えほんをよんで【ドゥ（CV：久野美咲）】※第１１話 挿入歌 アニメ公式 MV.mp4
2026/03/21,【告白実行委員会シリーズ】【HoneyWorks】ファンサ／mona(on-off).mp4
2026/03/21,【日々は過ぎれど飯うまし】[OP]そんなもんね／asmi〔Semi-On-Off〕.mp4
2026/03/21,【男女の友情は成立する？(いや、しないっ!!)】「(パート分け)質問、恋って何でしょうか？修正版α(MV版)」[Op][ハコニワリリィ][悠季](On-Off).mp4
2026/03/21,【プリンセッション・オーケストラ】「SKYWARD BOUQUET」[In][オルケリア][On-Off][アニメ][加古].mp4
2026/03/21,【真夜中ハートチューン】「瞬く日々へ修正版」[挿入歌][井ノ華六花][アニメ][悠季](On-Off).mp4
2026/03/21,人外教室の人間嫌い教師 (off-UVRchorus-on) 空の色【羽根田トバリ（CV：田辺留依）】※ED2 第５話 ED.mp4
2026/03/20,【ポケットモンスター メガボルテージ】get back (off+on)【ゆず】.mp4
2026/03/20,【人外教室の人間嫌い教師】[第5話 ED]空の色​​(on-off)／羽根田トバリ（CV.田辺留依）.mp4
2026/03/20,劇場編集版 Summer Pockets (off-UVRchorus-on) Luminous【鳴瀬しろは（CV：小原好美）】※鳴瀬しろは編 主題歌 2025 9／5公開 本編編集版.mp4
2026/03/20,【勇者警察ジェイデッカー】「笑顔は君の忘れ物」[Ed][佐藤有香][On-Off][アニメ][芝ちゃん].mp4
2026/03/20,劇場編集版 Summer Pockets (off-UVRchorus-on) 夢見鳥の恋【空門蒼（CV：高森奈津美）】※Ver1 暫定版 空門蒼編 主題歌 2025 8／29公開 動画作成者 サクヤさん.mp4
2026/03/20,劇場編集版 Summer Pockets (off-UVRchorus-on) midsummer carol【紬ヴェンダース（CV：岩井映美里）】※紬ヴェンダース編 主題歌 2025 8／22公開 本編編集版.mp4
2026/03/20,劇場編集版 Summer Pockets (off-UVRchorus-on) SUMMER ADVENTURE【久島鴎（CV：稗田寧々）】※久島鴎編 主題歌 2025 8／15公開 本編編集版.mp4
2026/03/19,イエスタデイをうたって ED_籠の中に鳥_ユアネス_2CH.mp4
2026/03/19,劇場アニメ 銀河鉄道999 (1979年) 主題歌_銀河鉄道999 (The Galaxy Express 999)_ゴダイゴ_2CH_画質UP版.mp4
2026/03/19,葬送のフリーレン 第2期 (off-UVRchorus-on) lulu.【Mrs. GREEN APPLE】※Ver2 暫定版 2026 3／18 配信 アニメ公式 MV.mp4
2026/03/19,劇場編集版 Summer Pockets (off-UVRchorus-on) 夏に君を待ちながら【鳴瀬しろは（CV：小原好美）】※鳴瀬しろは編 挿入歌 TV版は第17話 挿入歌 2025 9／5公開 動画作成者 サクヤさん.mp4
2026/03/19,【勇者パーティーにかわいい子がいたので、告白してみた。】[ED]キミ攻略ゲーム／大宮陽和(On-Cut)【naoo】.mp4
2026/03/19,「My Starry Song」桜庭薫(内田雄馬)【オフボーカル・コーラス入り】.mp4
2026/03/19,銀河鉄道999 ED_青い地球_ささきいさお・杉並児童合唱団_2CH_画質UP版.mp4
2026/03/19,【前橋ウィッチーズ】［IN］You Are My World／前橋ウィッチーズ（On-Semi-Mvc-Cut）※アニメ映像・パート分け有り.mp4
2026/03/18,【Official Music Video】Resonant Strings／Morfonica.mp4
2026/03/18,【アルマちゃんは家族になりたい】IN＿A・I／A-Ma-Ne (アルマ マキナ ネオン)[on-off-ハーフ]※パート分け.mp4
2026/03/18,【バディ・コンプレックス】UNISONIA／TRUE(vc-on).mp4
2026/03/18,【透明男と人間女～そのうち夫婦になるふたり～】[OP]Ding-dong／阿部真央(On-Cut)【naoo】.mp4
2026/03/18,「Back to Back」MORISAKI WIN【オフボーカル・コーラス入り】.mp4
2026/03/18,【幼馴染とはラブコメにならない】「あいらびゅ♡(パート分け)修正版」[Op][HoneyWorks][アニメ][悠季](On-Off).mp4
2026/03/18,カードファイト ヴァンガード Divinez 幻真星戦編 (off-UVRchorus-on) ワールズエンドトリガー【青木陽菜】※OP2.mp4
2026/03/17,【Perseus -ペルセウス-】／島谷ひとみ(MV)(On-Offコーラス入り-Off).mp4
2026/03/17,劇場アニメ 銀河鉄道999 (1979年) 挿入歌_テイキング・オフ! (TAKING OFF!)_ゴダイゴ_2CH_画質UP版.mp4
2026/03/17,「Again」Mr.Children【オフボーカル・コーラス入り】.mp4
2026/03/17,「Honto」sumika【オフボーカル・コーラス入り】.mp4
2026/03/17,「呼び声（LIVE映像）」Vaundy【オフボーカル・コーラス入り】.mp4
2026/03/17,Duel Masters LOST ～忘却の太陽～ (off-UVRchorus-on) あやかしあやし【伊東歌詞太郎】※最終話まで.mp4
2026/03/17,【ドン・チャック】『OP』[ドン・チャックといっしょに]「大杉久美子、東映児童合唱隊」(On-Off)(百合川).mp4
2026/03/17,【コンギョ】『』[コンギョ]「伊恵英」(On-Off)(百合川).mp4
2026/03/17,Body Feels EXIT   ※JPOP ライブ集 ／安室奈美恵 .mp4
2026/03/17,「ノクチルカ（Live映像）」Juice=Juice【オフボーカル・コーラス入り】.mp4
2026/03/17,【HoneyWorks】「サマー様修正版(パート分け)][Hanon×Kotoha」[一般][悠季](On-Off).mp4
2026/03/17,カードファイト ヴァンガード Divinez 幻真星戦編 (off-UVRchorus-on) 幻界【V.W.P】※OP1（OP2 切り替わる第７話まで）.mp4
2026/03/17,カードファイト ヴァンガード Divinez 幻真星戦編 (off-UVRchorus-on) 幻界※V.W.P MV.mp4
2026/03/16,【学園アイドルマスター】赤裸々／十王星南(陽高真白)(ON-OFF).mp4
2026/03/16,【ノンタンといっしょ】『OP』[ノンタンといっしょ　Dancing!びびでな・すてっぷ]「千秋」(On-Off)(百合川).mp4
2026/03/16,「好きすぎて滅！（Live Ver.）」M!LK【オフボーカル・コーラス入り】.mp4
2026/03/16,砂漠のイリュージョン (エリア88 ACTⅢ 燃える蜃気楼_主題歌) 北原志真 (2ch_VC_ON) UVR online版.mp4
2026/03/16,「瞬間、シンフォニー。（公式MV）」かぐや（夏吉ゆうこ）【オフボーカル・コーラス入り】.mp4
2026/03/16,【笑顔のたえない職場です。】「(パート分け)絶対称賛！修正版(MV版)3」[Op][ハコニワリリィ][悠季](On-Off).mp4
2026/03/16,「Thrilling Dream（Live Ver.）」りすこ・ゆな【オフボーカル・コーラス入り】.mp4
2026/03/16,【ビックリマン2000】『OP』[戦士達の翼]「COA」(On-Off)(百合川).mp4
2026/03/16,ヤマトの賦(ふ) - 海神(わだつみ) - (宇宙戦艦ヤマト 完結編_イメージソング) ささきいさお (2ch_VC_ON) UVR online版.mp4
2026/03/16,【プロジェクトセカイ カラフルステージ! feat. 初音ミク】-ワンダーランズ×ショウタイム-1000年生きてる(cut-on)3DMVver2.mp4
2026/03/16,【グノーシア】-MAISONdes-化けの皮(cut-on)パート分け最終話まで.mp4
2026/03/16,【ハクメイとミコチ】-下地紫野 悠木碧-Harvest Moon Night(cut-on)パート分け最終話まで.mp4
2026/03/16,[石膏ボーイズ]ED 星空ランデブー (アニメ)(Off，On)／石膏ボーイズ.mp4
2026/03/16,【超時空要塞マクロス】［IN］シルバームーン・レッドムーン／飯島真理（On-Semi-Mvc-Cut）※Flash Back 2012映像.mp4
2026/03/16,【マクロスF】［IM］リーベ~幻の光／シェリル・ノーム starring May'n（On-Semi-Mvc-Cut）※youtube動画使用.mp4
2026/03/15,【実況パワフルプロ野球2013】「START」[OP][瀬下千晶][2tr Off-On].mp4
2026/03/15,星のストレンジャー (劇場版 超人ロック_主題歌) STR!X (2ch_VC_ON) UVR online版.mp4
2026/03/15,ヤットデタマンの歌 (ヤットデタマン_OP) トッシュ (2ch_VC_ON) UVR online版.mp4
2026/03/15,【プリンセッション・オーケストラ】「Luminous Bloom」[Ed][花の騎士シンシア(CV.鬼頭明里)花の騎士ピュリティ(CV.伊藤美来)][On-Off][アニメ][加古].mp4
2026/03/15,Twinkle Every Day [PV] (cut) マブラヴ ガールズガーデン.mp4
2026/03/15,【ひみつのアイプリ】[IN]超Easy Drive☆(onVocal & onSE-onVocal & offSE-off)_Long Ver.／じゅりあ(CV.土屋李央).mp4
2026/03/15,【ひみつのアイプリ】[IN]超Easy Drive☆(onVocal & onSE-onVocal & offSE-off)_Short Ver.／じゅりあ(CV.土屋李央).mp4
2026/03/15,つむじかぜ (ワイルド7_ED) ノンストップ (2ch_VC_ON) UVR online版.mp4
2026/03/14,お気楽領主の楽しい領地防衛 ～生産系魔術で名もなき村を最強の城塞都市に～ (off-UVRchorus-on) Magic Clock【大渕野々花】※ED2 第９話 ED.mp4
2026/03/14,犬夜叉 (off-UVRchorus-on) ANGELUS -アンジェラス-【島谷ひとみ】※第４期（第154話～最終話） OP.mp4
2026/03/14,【骸骨騎士様、只今異世界へお出掛け中】[ED]僕らが愚かだなんて誰が言った（パート分け-公式アニメMV）／DIALOGUE＋〔MVC-On-Off〕.mp4
2026/03/14,【超かぐや姫！】[IN]ワールドイズマイン CPK! Remix（パート分け）／月見ヤチヨ(早見沙織)&かぐや(夏吉ゆうこ)〔MVC-On-Off〕.mp4
2026/03/14,【アオのハコ】 [OP] Same Blue／Official髭男dism ※1期、2期PV＋24巻宣伝PVカクテル bb291 (On-Off).mp4
2026/03/14,【ヴィジランテ -僕のヒーローアカデミア ILLEGALS-】[IN]POP☆STEP／ポップ☆ステップ（CV.長谷川育美）(ON-OFF).mp4
2026/03/14,【僕の心のヤバイやつ】 [OP] 茜／山田安奈（羊宮妃那） ※スタジオライブ映像 ヨルシカカバー bb290 (On-Off).mp4
2026/03/14,【ブルーアーカイブ】「手つなぎハッピーエンド」[IM][補習部(ヒフミ・アズサ・ハナコ・コハル)][2tr Off-On].mp4
2026/03/14,【ブルーアーカイブ】「一緒の約束」[IM][ホシノ・ノノミ・シロコ・アヤネ・セリカ][2tr Off-On].mp4
2026/03/14,【ブルーアーカイブ】「夜明けのコーヒーの香り」[IM][カンナ(松岡美里)][2tr Off-On].mp4
2026/03/14,【ブルーアーカイブ】「紡ぐ時間」[IM][セナ(大西沙織)][2tr Off-On].mp4
2026/03/14,【ギルドの受付嬢ですが、残業は嫌なのでボスをソロ討伐しようかと思います CS】 残業なんてクソくらえ!(cut&コーラス入-on) ／ アリナ・クローバー(CV.高橋李依)_けんちぃ_1105.mp4
2026/03/14,【甘城ブリリアントパーク】+ユニバース（パート分け）／ BRILLIANT4［on-off］.mp4
2026/03/13,【BanG Dream ガルパ☆ピコ】Blessing Chord パラレルver（on-off）／I♡インドア.mp4
2026/03/13,魔王の娘は優しすぎる!! (off-UVRchorus-on) ぼうけん ぼうけん！【ドゥ（CV：久野美咲）】※第１０話 挿入歌 アニメ公式 MV.mp4
2026/03/13,ダーウィン事変 (off-UVRchorus-on) Make Me Wonder【Official髭男dism】※2026 3／10 配信 アニメ公式 MV.mp4
2026/03/13,デッドアカウント (off-UVRchorus-on) 来世はどうせ【金子みゆ】.mp4
2026/03/13,Duel Masters LOST ～忘却の太陽～ (off-UVRchorus-on) 朔日 feat. 吉乃【月詠み】.mp4
2026/03/13,【HoneyWorks】恋愛偏差値上昇中！／P丸様。 Covered by Kotoha(On-Cut)※MV映像【naoo】.mp4
2026/03/13,【HoneyWorks】恋ヲウチヌケ／戸松遥(On-Cut)※戸松遥MV映像【naoo】.mp4
2026/03/13,【地獄楽 第二期】［OP］かすかなはな／キタニタツヤ featuring BABYMETAL（On3種類-Semi-Mvc-Off）※アニメ映像ver2.0・9話まで・パート分け有り.mp4
2026/03/13,【ブルーアーカイブ】「アスナのまにまに？」[IM][アスナ(長谷川育美)][2tr Off-On].mp4
2026/03/13,【Ａチャンネル】はるかぜの化学(パート分け)／るん(福原香織)、トオル(悠木碧)、ナギ(内山夕実)、ユー子(寿 美菜子)[on-cut](映像提供聖さん).mp4
2026/03/13,カードファイト ヴァンガード Divinez 幻真星戦編 (off-UVRchorus-on) ギラギラ【RealRomantic】.mp4
2026/03/13,青のミブロ-芹沢暗殺編- (off-UVRchorus-on) Blue Noise【Ryosuke Yamada】※第２期 OP.mp4
2026/03/13,シャンピニオンの魔女 (off-UVRchorus-on) 魔法使いの日記【ロス】.mp4
2026/03/13,「お前ごときが魔王に勝てると思うな」と勇者パーティを追放されたので、王都で気ままに暮らしたい (off-UVRchorus-on) Liberator【PassCode】※南菜生 ラウドロック+コーラス分 パート分けあり.mp4
2026/03/13,【ホロライブ】「Kureiji for you」[IM][Kureiji Ollie][2tr Off-On].mp4
2026/03/13,【鎧真伝サムライトルーパー】「Runner」[IN][妖者BAND][2tr Off-On].mp4
2026/03/13,【ひみつのアイプリ】[IN]パステルステップデイズ(onVocal & onSE-onVocal & offSE-off)_Long Ver.／ひまり(CV.藤寺美徳).mp4
2026/03/13,魔都精兵のスレイブ2 (off-UVRchorus-on) LOVE LOVE ビーム※内田真礼 MV.mp4
2026/03/12,【ばっどがーる】[カバーソング]／Melty Love(4パート分け)／天狼群／On-Off.mp4
2026/03/12,【N・H・Kにようこそ!】「もどかしい世界の上で」[Ed][牧野由依][On-Off][アニメ][芝ちゃん].mp4
2026/03/12,【お気楽領主の楽しい領地防衛】[ED]Magic Clock／大渕野々花(On-Cut)【naoo】.mp4
2026/03/12,【はるかなレシーブ】Wish me luck!!!!(パート分け)(ver2)／大空遥(優木かな)、比嘉かなた(宮下早紀)、トーマス・紅愛(種﨑敦美)、トーマス・恵美理(末柄里恵)[on-cut].mp4
2026/03/12,【幼馴染とはラブコメにならない】あいらびゅ♡(MVver)(パート分け)／HoneyWorks meets 水萌汐・火威灯・月見るな・日向春(久住琳・芹澤優・平塚紗依・山本悠有希)[on-cut].mp4
2026/03/12,[ノーザンクロス／かなた＆クロエ＆AZKi ]ホロライブ[on-off].mp4
2026/03/12,【ひみつのアイプリ】[IN]パステルステップデイズ(onVocal & onSE-onVocal & offSE-off)_Short Ver.／ひまり(CV.藤寺美徳).mp4
2026/03/12,【ひみつのアイプリ】[IN]ぴかぴかマイストーリー(onVocal & onSE-onVocal & offSE-off)_Long Ver.／みつき(CV.平塚紗依).mp4
2026/03/12,【Fatestrange Fake】[OP]／PROVANT／SawanoHiroyuki[nZk]Jean-Ken Johnny&TAKUMA／On-Off.mp4
2026/03/12,【マブラヴ ガールズガーデン】「Twinkle Every Day」[IM][夢乃ゆき][2tr Off-On].mp4
2026/03/12,【アルジェントソーマ】「A Wonderful World」[IM][桑島法子][2tr Off-On].mp4
2026/03/11,【グノーシア OP】 化けの皮(cut&コーラス入-on)_パート分け ／ MAISONdes feat.こぼ・かなえる、重音テト、Giga＆TeddyLoid_けんちぃ_1109.mp4
2026/03/11,【ばっどがーる】「Melty_Love(パート分け)修正版2」[カバー曲][天狼群][悠季](On-Off).mp4
2026/03/11,【魔都精兵のスレイブ2】[ED]LOVE LOVE ビーム／内田真礼(On-Cut)【naoo】.mp4
2026/03/11,【前橋ウィッチーズ】［IN］シャボン・テンション!!／前橋ウィッチーズ（On-Semi-Mvc-Cut）※アニメ映像 ・パート分け有り.mp4
2026/03/11,【ひみつのアイプリ】[IN]ぴかぴかマイストーリー(onVocal & onSE-onVocal & offSE-off)_Short Ver.／みつき(CV.平塚紗依).mp4
2026/03/11,【ホロライブ】「お嫁♡HOLIC」[IM][Nerissa Ravencroft][2tr Off-On].mp4
2026/03/11,【ガサラキ】「Love song」[ED][種ともこ][2tr Off-On].mp4
2026/03/11,【にじさんじ】「0時2分」[IM][今宵ｘｘと夢を見る。][2tr Off-On].mp4
2026/03/11,【ホロライブ】「Liminal」[IM][桃鈴ねね][2tr Off-On].mp4
2026/03/11,【告白実行委員会】「同担☆拒否」[Im][ちゅーたん（CV：早見沙織）][On-Off][一般][加古].mp4
2026/03/10,【マクロスF】トライアングラー -fight on stage-／中島愛、May'n(vcc-vc-on)※パート分け.mp4
2026/03/10,【神様のメモ帳】カワルミライ／ChouCho［on-off］.mp4
2026/03/10,【ひみつのアイプリ】「ときめきグラビティ」[In][ラブジュリエル][On-Off][アニメ][芝ちゃん]パート分け有.mp4
2026/03/10,【グノーシア】[第18話 ED]blue sky， blue star (Anime Ver.)​​(onVocal & onVoice-onVocal & offVoice-off)_Short Ver.／セツ（CV.長谷川育美）.mp4
2026/03/10,【グノーシア】[第18話 ED]blue sky， blue star (Anime Ver.)​​(onVocal & onVoice-onVocal & offVoice-off)_Long Ver.／セツ（CV.長谷川育美）.mp4
2026/03/09,【ひみつのアイプリ】「ミラクル☆ツインスマイル」[In][ポッピンドリーミン][On-Off][アニメ][芝ちゃん]パート分け有.mp4
2026/03/09,【薫る花は凛と咲く 最終話挿入歌】 ひとひら(cut&コーラス入-on)_＋和栗薫子(CV.井上ほの花) ／ 宮原ひとみ_けんちぃ1073.mp4
2026/03/09,LAST IN BLUE (cut) DOOP ADVANCE【MELL】.mp4
2026/03/09,【ンめねこ】[TM3]イニミニまいご(on-off)／大神ミオ.mp4
2026/03/09,【【推しの子】 3rd Season OP】 TEST ME(cut&コーラス入-on) ／ ちゃんみな_けんちぃ_1155.mp4
2026/03/08,【Let's Play クエストだらけのマイライフ】「Left ＆ Right」[Ed][久保田利伸][On-Off][アニメ][芝ちゃん]パート分け有り.mp4
2026/03/08,【アンドロイドは経験人数に入りますか？？】『OP』[アンドロイドde新時代]「栗駒こまる（あおぎり高校）」(On-Off)(百合川).mp4
2026/03/08,【リコリス・リコイル】Trigger／ClariS(On-Off-MVC)※パチンコリコリス パート分け.mp4
2026/03/08,TVドラマ_子供が寝たあとで 主題歌_もう恋なんてしない_槇原敬之_2CH_画質UP版.mp4
2026/03/08,【リコリス・リコイル】[パチンコ・パチスロ搭載曲]Trigger（パート分け）／ClariS〔MVC-On-Off〕.mp4
2026/03/08,自己☆推し [DUO][PV] (off) M学園.mp4
2026/03/08,UMA IN AMERICA【ウマ娘プリティーダービー(パート分け無し)(YOUTUBE動画使用)】.mp4
2026/03/08,[星空へと続く坂道／白上フブキ]ホロライブ[on-off].mp4
2026/03/08,【真夜中ハートチューン】「声の軌跡.ver2」[ED][Soala][アニメ][悠季](On-Off).mp4
2026/03/08,[いままでのあらすじ／ゲーマーズ]ホロライブ[on-off].mp4
2026/03/08,【ノンタイアップ】「君の瞳に恋してない」[Im][UNISON SQUARE GARDEN][On-Off][一般][加古].mp4
2026/03/08,「創聖のアクエリオン」オーイシマサヨシ×佐々木李子×GRANRODEO【オフボーカル・ライブ音源】.mp4
2026/03/08,【みゆき】 [OP] 思い出がいっぱい ※公式コミックMV bb289 (On-Off).mp4
2026/03/08,[約束の絆／さくらみこ＆星街すいせい]ホロライブ[on-off].mp4
2026/03/08,【ホロライブ】「ファッションビート」[IM][さくらみこ][2tr Off-On].mp4
2026/03/08,【劇場版 機動戦士ガンダムⅢ めぐりあい宇宙】 めぐりあい／井上大輔 bb288 (On-Off).mp4
2026/03/07,【29歳独身中堅冒険者の日常】 [ED] 君の隣は空気が美味しい／HoneyWorks featuring Kotoha bb287 (On-Off).mp4
2026/03/07,【タッチ】 [OP] タッチ／稲葉浩志（カバー） ※実写ライブMV WBC応援ソング bb286 (On-Off).mp4
2026/03/07,【ババンババンバンバンパイア】『ED』[NE-CHU-SHOW]「ぼっちぼろまる」(On-Off)(百合川).mp4
2026/03/07,【葬送のフリーレン】 [OP] lulu．／Mrs．GREENAPPLE bb285(On-Off).mp4
2026/03/07,ハイスクール！奇面組 (off-UVRchorus-on) ファンキースパイス【BREIMEN】※2026年版 OP アニメ公式 MV.mp4
2026/03/07,【プロジェクトセカイ カラフルステージ! feat. 初音ミク】-Vivid BAD SQUAD-シネマ(cut-on)3DMVver2.mp4
2026/03/07,【秒速5センチメートル】 [IN] One more time，One more chance／山崎まさよし ※公式MV bb284 (On-Off).mp4
2026/03/07,【HoneyWorks】「誇り高きアイドル修正版][mona(CV夏川椎菜)」[一般][悠季](On-Off).mp4
2026/03/07,[天天天国地獄国／さくらみこ＆白上フブキ]ホロライブ[on-off].mp4
2026/03/07,【ホロライブ】「異薔薇」[IM][アキ・ローゼンタール][2tr Off-On].mp4
2026/03/07,[限りなく灰色へ ／トワ＆フブキ＆ゼータ]ホロライブ[on-off].mp4
2026/03/07,【アルジェントソーマ】「Horizon」[ED][Sphere][2tr Off-On].mp4
2026/03/07,どうせ、恋してしまうんだ。 (off-UVRchorus-on) 初恋【berry meet】※第２期 ED 第９話まで.mp4
2026/03/07,[花になって／常闇トワ＆音乃瀬　奏]ホロライブ[on-off].mp4
2026/03/07,【アルジェントソーマ】「Silent wind」[OP][菅井えり][2tr Off-On].mp4
2026/03/07,【デュエル・マスターズ プレイス】「放っておかないファイヴァーズ」[IM]【放課後クライマックスガールズ][2tr Off-On].mp4
2026/03/07,【ホロライブ】「Chatter Chatter」[IM][宝鐘マリン・星街すいせい][2tr Off-On].mp4
2026/03/07,【学園アイドルマスター】「Atmosphere」[IM][葛城リーリヤ(花岩香奈)][2tr Off-On].mp4
2026/03/07,【MFゴースト】TIMELESS POWER feat.MOTSU ※フルサイズ 3期OP MV本人映像(off-弱ボーカル-UVRコーラス入-on) ／芹澤優.mp4
2026/03/07,[カサブタ／常闇トワ＆角巻わため]ホロライブ[on-off].mp4
2026/03/06,魔王の娘は優しすぎる!! (off-UVRchorus-on) ねえ じーじ【ドゥ（CV：久野美咲）】※第９話 挿入歌 アニメ公式 MV.mp4
2026/03/06,【名探偵コナン 隻眼の残像(フラッシュ・バック)】[劇場版第28弾]TWILIGHT!!![King Gnu](on-cut)krk.mp4
2026/03/06,【名探偵コナン 隻眼の残像(フラッシュ・バック)】[劇場版第28弾]TWILIGHT!!![King Gnu](on-cut)krk.mp4
2026/03/06,どうせ、恋してしまうんだ。 (off-UVRchorus-on) もしも【berry meet】※第２期 第５話 挿入歌.mp4
2026/03/06,【MFゴースト 3rd Season ED】 予感の途中 Prod. ☆Taku Takahashi (m-flo)(cut&コーラス入-on) ／ Himika Akaneya_けんちぃ_1174.mp4
2026/03/06,【[劇場版]転生したらスライムだった件 蒼海の涙編 挿入歌】 蒼刻(cut&コーラス入-off-on) ／ ユラ(CV.大西沙織)_けんちぃ_1175.mp4
2026/03/06,【貴族転生 ～恵まれた生まれから最強の力を得る～ 挿入歌】 出逢ってしまったから(cut&コーラス入-on) ／ アリーチェ(CV.橘杏咲)_けんちぃ_1173.mp4
2026/03/06,【舞-HiME】[OP]Shining☆Days​​(on秋月律子-on栗林みな実-on秋月律子 & 栗林みな実-off)_カバー／秋月律子 (CV 中原麻衣) .mp4
2026/03/06,【ヒャッコ】「スッピンロック」[OP][小川真奈][2tr Off-On].mp4
2026/03/06,【人外教室の人間嫌い教師】 [ED] 人間カムトゥルー!／雨宮天、大西沙織、長縄まりあ、田辺瑠衣 ※4人パート分け有ver2 bb283 (On-Off).mp4
2026/03/06,【鬼滅の刃】残響散歌／Aimer（On）.mp4
2026/03/05,【moment／memoryライブ映像】起死開戦(on-off)／millsage.mp4
2026/03/05,【声優】23時の春雷少女／鬼頭明里(On-Cut)※LIVE映像【naoo】.mp4
2026/03/05,[極楽浄土／百鬼あやめ]ホロライブ[on-off].mp4
2026/03/05,[リモコン／ころね＆おかゆ]ホロライブ[on-off].mp4
2026/03/05,【真夜中ハートチューン】「月に向かって撃て」[Op][星街すいせい][アニメ][悠季](On-Off).mp4
2026/03/04,[第ゼロ感／常闇トワ＆鷹嶺ルイ]ホロライブ[on-off].mp4
2026/03/04,【火喰鳥 羽州ぼろ鳶組】「陽炎」[Ed][大泉洋][On-Off][アニメ][芝ちゃん].mp4
2026/03/04,【プラオレ! ～PRIDE OF ORANGE～】be Cute（Ver2）（パート分け）／SMILE PRINCESS［on-off］.mp4
2026/03/04,【夜桜四重奏～ハナノウタ～】[CS]Llet me say!!／岸桃華 CV.戸松遥(On-Cut)【naoo】.mp4
2026/03/04,[シルベ／常闇トワ]ホロライブ[on-off].mp4
2026/03/04,【超宇宙刑事ギャバン インフィニティ】-May'n-LOVE IS THE STRONGEST(cut-on).mp4
2026/03/04,【火喰鳥 羽州ぼろ鳶組】「はみだし御免」[Op][ポルノグラフィティ][On-Off][アニメ][芝ちゃん].mp4
2026/03/04,ハイスクール！奇面組 (off-UVRchorus-on) ファンキースパイス※BREIMEN MV.mp4
2026/03/04,「お前ごときが魔王に勝てると思うな」と勇者パーティを追放されたので、王都で気ままに暮らしたい (off-UVRchorus-on) Liberator※南菜生 ラウドロック+コーラス分 パート分けあり PassCode MV.mp4
2026/03/03,【ヴィジランテ -僕のヒーローアカデミア ILLEGALS-】[ED]／ミス・ユー／シャイトープ／On-Off.mp4
2026/03/03,【[劇場版]僕の心のヤバイやつ 主題歌】 茜(cut&コーラス入-on)_MV版 ／ ヨルシカ_けんちぃ_1163.mp4
2026/03/03,【貴族転生 〜恵まれた生まれから最強の力を得る〜】「出逢ってしまったから」[In][アリーチェ（橘杏咲）][On-Off][アニメ][芝ちゃん].mp4
2026/03/02,【プリンセッション・オーケストラ】「Dance with the Bloom」[Im][風花りり(CV.伊藤美来)][On-Off][アニメ][加古].mp4
2026/03/02,[U-n-d-e-r--STANDING／SV TRIBE]真剣で私に恋しなさい!![on-off].mp4
2026/03/02,[Running On／エクリプス]バスカッシュ[on-off].mp4
2026/03/02,[I to I ／鈴木このみ]アルバム[on-off].mp4
2026/03/02,[Decade／ fripSide]アルバム[on-off].mp4
2026/03/02,[whisper of winter  ／fripside]アルバム[on-off].mp4
2026/03/02,[本能スピード／ウマ娘] ウマ娘プリティーダービー[on-off].mp4
2026/03/02,[Sun Is Coming Up ／亜咲花] 映画ゆるキャン△  [on-off].mp4
2026/03/02,[NEXT FRONTIER／ ウマ娘] ウマ娘プリティーダービー[on-off].mp4
2026/03/01,[Endless NOVA／AG7] 最強銀河 究極ゼロ ~バトルスピリッツ~[on-off].mp4
2026/03/01,【HoneyWorks】初恋は負け確！ feat. 有栖真凛愛(on-off)／HoneyWorks.mp4
2026/03/01,[Absolute Soul／鈴木このみ]Birthday Live 2023[on-off].mp4
2026/03/01,0D[お] 大阪万博ありがとうソンク゛-Osaka Expo Thank You- 【世間のうたちゃんねる】【Cut(UVR5)／On】【ヤマテル】.mp4
2026/03/01,【BanG Dream! ガールズバンドパーティ!】-Poppin’Party-Tomorrow's Door(cut-on)10周年記念MV.mp4
2026/03/01,【BanG Dream! ガールズバンドパーティ!】-Poppin’Party-Yes! BanG Dream!(cut-on)10周年記念MV.mp4
2026/03/01,【劇場版 生徒会役員共2】少年少女アテンション（パート分け）／トリプルブッキング［on-cut］.mp4
2026/03/01,[頑張れと叫ぶたび／鈴木このみ]Birthday Live 2023[on-off].mp4
2026/03/01,[フィニステラー／鈴木このみ]Anison Collection[on-off].mp4
2026/03/01,[カオスシンドローム／鈴木このみ]Anison Collection[on-off].mp4
2026/03/01,[Reweave／鈴木このみ]Anison Collection[on-off].mp4
2026/03/01,【テイルズ オブ エターニア THE ANIMATIOM】「空にかける橋」[OP][奥井雅美][2tr Off-On].mp4
2026/03/01,TIMELESS POWER feat. MOTSU [DUO][PV] (off) MFゴースト.mp4
2026/02/28,【PT_流星ワールドアクター Gaslight Bullet OP主題歌】蒼醒／Daisy×Daisy_v1【ON-OFF】.avi
2026/02/28,【PT_タユタマ零 OP主題歌】零から始まる物語／Kicco_v1【ON-cut】.avi
2026/02/28,ぼくら野球探偵団Ai【マジカル・アクション!!-ノヴェラ】UVRVC_ON.mp4
2026/02/28,[trusty snow／fripside]Phase2 Final Arena Tour 2022[on-off].mp4
2026/02/28,FUJIYAMA CHARISMA【超人的シェアハウスストーリー『カリスマ』・七人のカリスマ】.mp4
2026/02/28,【魔法少女リリカルなのはReflection】[IM]願いの蕾​​(on-off)／フェイト・T・ハラオウン(水樹奈々).mp4
2026/02/28,[pico scope -SACLA-／fripside]Phase2 Final Arena Tour 2022[on-off].mp4
2026/02/28,[clockwork planet／fripSide] Phase2 Final Arena Tour 2022[on-off].mp4
2026/02/28,花ざかりの君たちへ (off-UVRchorus-on) BABY【YOASOBI】※Ver2.mp4
2026/02/28,【 ゲーソン（公式MV３人パート分け済み）】ENDLESS DANCE【初星学園（花海佑芽 秦谷美鈴 十王星南）】【2tr ON-OFF】【学園アイドルマスター】.mp4
2026/02/28,人外教室の人間嫌い教師 (off-UVRchorus-on) ニンゲン【オーイシマサヨシ】.mp4
2026/02/28,【[劇場版]転生したらスライムだった件 蒼海の涙編 主題歌】 ユートピア(cut&コーラス入-off-on) ／ TRUE_けんちぃ_1171.mp4
2026/02/28,人外教室の人間嫌い教師 (on) ニンゲン※オーイシマサヨシ MV.mp4
2026/02/28,【一般曲カバー】 first love／佐々木李子・高尾奏音 from Ave Mujica ※ライブ映像 bb282 (On-Off).mp4
2026/02/27,【THE iDOLM@STER】 my song／如月千早（今井麻美）ライブ映像 bb281 (On-Off).mp4
2026/02/27,【勇者特急マイトガイン】「危険なゴールド」[Ed][Marie Cochrane][On-Off][アニメ][芝ちゃん].mp4
2026/02/27,ジパング OP_羅針盤_AUDIO RULEZ_2CH.mp4
2026/02/27,【人間嫌いの人外教師】OP｜ニンゲン／オーイシマサヨシ［on-off］〔MV〕.mp4
2026/02/27,【スーパーダンガンロンパ2】ED｜出航-departure-／緒方恵美［on-off］.mp4
2026/02/27,【哲也】OP｜REACH OUT／和田アキ子［on-off］.mp4
2026/02/27,【地獄先生ぬ～べ～】[ED]MAGICAL／Ayumu Imazu(On-Cut)【naoo】.mp4
2026/02/27,祝福のブライダンロード【ナンバーワン戦隊ゴジュウジャー・ファイヤキャンドル(三本木大輔)、ブーケ(まるぴ)】.mp4
2026/02/27,Glory Eyes【ウマ娘プリティーダービー・アーモンドアイ(石原夏織)(YOUTUBE動画使用)】.mp4
2026/02/27,VOLTAGE【ウマ娘プリティーダービー(パート分け無し)】.mp4
2026/02/27,【一般曲】 ray feat HATSUNE MIKU／BUMP OF CHICKEN ※ライブ映像 パート分け有 bb280 (On-Off).mp4
2026/02/27,魔王の娘は優しすぎる!! (off-UVRchorus-on) かたかたきやさん【ドゥ（CV：久野美咲）】※第８話 挿入歌 アニメ公式 MV.mp4
2026/02/27,アルネの事件簿 (off-UVRchorus-on) Q.E.D.【Sou】.mp4
2026/02/27,[spiral of despair／fripside]20th Anniversary Festival 2023[on-off].mp4
2026/02/27,[never no astray ／fripside]20th Anniversary Festival 2023[on-off].mp4
2026/02/27,[magicaride／fripside]20th Anniversary Festival 2023[on-off].mp4
2026/02/27,[Love with You／fripside]20th Anniversary Festival 2023[on-off].mp4
2026/02/27,[final phase／fripside]20th Anniversary Festival 2023[on-off].mp4
2026/02/27,[black bullet／fripside]20th Anniversary Festival 2023[on-off].mp4
2026/02/27,[flower of bravery／fripside]20th Anniversary Festival 2023[on-off].mp4
2026/02/27,勇者のクズ (off-UVRchorus-on) GUN POWDER【TOOBOE】※第１クール OP.mp4
2026/02/27,Fate／strange Fake (off-UVRchorus-on) 潜在的なアイ【13.3g】.mp4
2026/02/27,【ホロライブ】「イタズラーニャ!」[IM][白銀ノエル][2tr Off-On].mp4
2026/02/27,【ホロライブ】「モノポリー」[IM][アキ・ローゼンタール][2tr Off-On].mp4
2026/02/27,【ホロライブ】「Sparking!!」[IM][夏色まつり][2tr Off-On].mp4
2026/02/27,【ホロライブ】「初恋大戦争」[IM][癒月ちょこ・雪花ラミィ・白銀ノエル][2tr Off-On].mp4
2026/02/26,【Official Music Video】esora no clover／Morfonica.mp4
2026/02/26,【転生悪女の黒歴史】バタフライ・エチュード／イアナ・マグノリア(CV青山吉能)(on-off).mp4
2026/02/26,【花ざかりの君たちへ】[ED]BABY／YOASOBI(On-Cut)【naoo】.mp4
2026/02/26,[魔法／果歩]父は英雄、母は精霊、娘の私は転生者[on-off]※最終.mp4
2026/02/26,異世界の沙汰は社畜次第 (off-UVRchorus-on) Back to Back【森崎ウィン】.mp4
2026/02/26,炎炎ノ消防隊 参ノ章 (off-UVRchorus-on) Speak of the Devil feat. Masato from coldrain【Survive Said The Prophet】※第２クール ED.mp4
2026/02/26,【ヴァンドレッド キャラソン】 Spacy Spicy Love(cut&コーラス入-on) ／ メジェール・パイレーツ_けんちぃ_1071.mp4
2026/02/25,【Official Music Video】MUGEN Reverberate!／Morfonica.mp4
2026/02/25,【伝説の勇者ダ・ガーン】「ハレルヤ・パパイヤ」[Ed][佐藤有香][On-Off][アニメ][芝ちゃん].mp4
2026/02/25,Duel Masters LOST ～忘却の太陽～ (on) あやかしあやし※伊東歌詞太郎 MV.mp4
2026/02/25,【プロジェクトセカイ カラフルステージ! feat. 初音ミク】-Vivid BAD SQUAD-DAYBREAK FRONTLINE(cut-on)4thライブ映像.mp4
2026/02/25,【プロジェクトセカイ カラフルステージ! feat. 初音ミク】-Leo／need-このまんまでいこう(cut-on)3DMV.mp4
2026/02/25,【プロジェクトセカイ カラフルステージ! feat. 初音ミク】-Leo／need-このまんまでいこう(cut-on)2DMV.mp4
2026/02/25,【プロジェクトセカイ カラフルステージ! feat. 初音ミク】-ワンダーランズ×ショウタイム-88☆彡(cut-on)2DMVver2.mp4
2026/02/25,[多聞くん今どっち！？] Eyes On You (MV=コミック)(Off，On)／FACE.mp4
2026/02/25,【ホロライブ】「Dunk」[IM][轟はじめ][2tr Off-On].mp4
2026/02/25,【ホロライブ】「ノンデリシャス」[IM][猫又おかゆ][2tr Off-On].mp4
2026/02/25,【ホロライブ】「STARTING OVER」[IM][尾丸ポルカ][2tr Off-On].mp4
2026/02/25,【さくら荘のペットな彼女】 [ED] DAYS of DASH／鈴木このみ bb279 (On-Off).mp4
2026/02/25,【黄金勇者ゴルドラン】「気楽にいこう！」[Ed][村田和美][On-Off][アニメ][芝ちゃん].mp4
2026/02/24,【MFゴースト 3rd season】OP｜TIMELESS POWER feat. MOTSU〔2パート分け〕／芹澤優［on-off］〔Ver.1.0〕.mp4
2026/02/24,TRIGUN STARGAZE (off-UVRchorus-on) スターダスト【FOMARE】.mp4
2026/02/24,DIGIMON BEATBREAK (off-UVRchorus-on) Edge of Limit【やぎたろ。】※第１２話 挿入歌 アニメ公式 MV.mp4
2026/02/24,【ガルフォース THE REVOLUTION】「涙よりも吐息よりも」[OP][木原さとみ][2tr Off-On].mp4
2026/02/24,【超宇宙刑事 ギャバンインフィニティ】「LOVE IS THE STRONGEST」[TM][May'n][2tr Off-On].mp4
2026/02/24,【ホロライブ】「ラブノカサブタ」[IM][兎田ぺこら][2tr Off-On].mp4
2026/02/24,【にじさんじ】「透明スタートライン」[IM][フレン・E・ルスタリオ・星川サラ][2tr Off-On].mp4
2026/02/24,【BLUE DRAGON】イ～じゃナイ！？／下川みくに(ON-OFF)※動画SKN.mp4
2026/02/24,正反対な君と僕 (off-UVRchorus-on) ピュア feat. 橋本絵莉子【PAS TASTA】.mp4
2026/02/24,【俺の妹がこんなに可愛いわけがない】 [TM] nexus／ClariS ※パート分け有 ラノベ・PSPゲームテーマソング bb278  (On-Off).mp4
2026/02/24,どうせ、恋してしまうんだ。 (off-UVRchorus-on) LとR【ME：I】※第２期 OP.mp4
2026/02/23,ブラック・ジャック (2004年版) OP1_月光花_Janne Da Arc_2CH_画質UP版.mp4
2026/02/23,【宇宙人ムームー】move move ※２期OP (on-UVRコーラス入-off)／ a子 .mp4
2026/02/23,【拷問バイトくんの日常】OP＿GO GO PARADISE!!／GRANRODEO[on-off-ハーフ].mp4
2026/02/23,【アクエリオンevol ED2】 ユノハノモリ(cut&コーラス入-on) ／ ユノハ・スルール(CV.小倉唯)_けんちぃ_1043.mp4
2026/02/23,【推しの子】［IN］Bのリベンジ／B小町（On-Semi-Cut）※アニメ映像ver2.0・3期6話まで・パート分け有り.mp4
2026/02/23,ヘルモード ～やり込み好きのゲーマーは廃設定の異世界で無双する～ (off-UVRchorus-on) ハク【あたらよ】.mp4
2026/02/23,【太陽の勇者ファイバード】「見つめていたい」[Ed][佐藤幸世][On-Off][アニメ][芝ちゃん].mp4
2026/02/22,【Official Music Video】きょうもMerry go rounD／Morfonica.mp4
2026/02/22,OVA Yamato 2520 イメージソング_明日の君を守りたい -YAMATO2520-_TOKIO_2CH_OFF改.mp4
2026/02/22,0B[ま]【魔法少女まどか☆マギカ】未来 【kalafina】【Cut(UVR5)／On(歌中ｾﾘﾌあり)】【ヤマテル】.mp4
2026/02/22,[多聞くん今どっち！？] RAIN (アニメ)(Off，On)／FACE.mp4
2026/02/22,OVA 変幻退魔夜行 カルラ舞う! イメージソング_UNKNOWN HERO_石原慎一_2CH.mp4
2026/02/22,探偵少年カゲマン 主題歌_光と影の小夜曲-カゲマンのテーマ_東京プリン_2CH.mp4
2026/02/22,【テイルズオブルミナリア】「TOMOSHI BEAT」[OP][フレデリック][2tr Off-On].mp4
2026/02/22,【映画 ふたりはプリキュア Max Heart 2 】　雪空のともだち ED｜ ギャグ100回分愛してください ／ Berryz工房 [ onーoff ].mp4
2026/02/21,【Official Music Video】残り香／シド.mp4
2026/02/21,貴族転生 ～恵まれた生まれから最強の力を得る～ (off-UVRchorus-on) You'll Be In My Heart ～そばに～【アリーチェ（CV：橘杏咲）】※Ver2 第７話まで ED+第６話挿入歌.mp4
2026/02/21,【PT_ぬきたしTHE ANIMATION ED】再会系女子はどうすりゃいいですか？／綾瀬理恵_MV版_v1【ON-OFF】.avi
2026/02/21,「シャボン」カラフル・パストラーレ【オフボーカル・コーラス入り】.mp4
2026/02/21,勇者のクズ (off-UVRchorus-on) メンタルレンタル【紫今】※第１クール ED.mp4
2026/02/21,【ちゅーぶら！！】Shy Girls（on_off）パート分け／葉山奈由・神宮寺弥子・白石遥・天原清乃.mp4
2026/02/21,【くまクマ熊ベアー】Let's get started!／河瀬茉希(On-Offコーラス-Off).mp4
2026/02/21,【プリンセッション・オーケストラ】「LEGENDARY REVIVAL」[Ed][バンド・スナッチ][On-Off][アニメ][加古]※暫定.mp4
2026/02/21,【転生したら剣でした ED】 more＜STRONGLY(cut&コーラス入-off-on)_最終話まで ／ 黒崎真音_けんちぃ_296.mp4
2026/02/20,スクール・ガール ※JPOP本人映像 夜のヒットスタジオLIVE音源(off-弱ボーカル-UVRコーラス入-on)／ C-C-B.mp4
2026/02/20,【ブルーアーカイブ】「Happy×Smiley」[IM][ハナエ][2tr Off-On].mp4
2026/02/20,【ブルーアーカイブ】「純真レゾンデートル」[IM][風紀委員会][2tr Off-On].mp4
2026/02/20,【ブルーアーカイブ】「黒翼が奏でる正義」[IM][正義実行委員会][2tr Off-On].mp4
2026/02/20,【ブルーアーカイブ】「憧れの残響」[ED][DAZBEE][2tr Off-On].mp4
2026/02/20,勇者パーティを追い出された器用貧乏 (off-UVRchorus-on) sukuu【Nowlu】.mp4
2026/02/20,【地獄先生ぬ～べ～】[OP2]ERASE／THE ORAL CIGARETTES〔MVC-On-Off〕.mp4
2026/02/20,【勇者パーティを追い出された器用貧乏】[OP]シルベ／常闇トワ〔MVC-On-Semi-Off〕.mp4
2026/02/20,【勇者パーティを追い出された器用貧乏】 [ED] sukuu／Nowlu bb277 (On-Off).mp4
2026/02/20,炎炎ノ消防隊 参ノ章 (off-UVRchorus-on) Speak of the Devil feat. Masato from coldrain※Survive Said The Prophet MV.mp4
2026/02/20,死亡遊戯で飯を食う (off-UVRchorus-on) 祈り【藤川千愛】.mp4
2026/02/19,【死亡遊戯で飯を食う。】「祈り」[Ed][藤川千愛][On-Off][アニメ][芝ちゃん].mp4
2026/02/19,ほっぺちゃん ～サン王国と黒ほっぺ団の秘密～ (off-UVRchorus-on) とっておきあげちゃうよ【あみゅどる】.mp4
2026/02/19,違国日記 (off-UVRchorus-on) ソナーレ【TOMOO】.mp4
2026/02/19,終末のワルキューレⅢ (off-UVRchorus-on) Last breath， Last record【早見沙織】※第３期 ED.mp4
2026/02/19,魔術師クノンは覚えている (off-UVRchorus-on) Story feat.katagiri【KOHTA YAMAMOYO】.mp4
2026/02/19,終末のワルキューレⅢ (off-UVRchorus-on) Dead Or Alive【GLAY】※第３期 OP アニメ公式 MV.mp4
2026/02/19,【声優】晩餐歌／早見沙織(On-Cut)※LIVE映像(ことはゆイベント2024)【naoo】.mp4
2026/02/19,【前橋ウィッチーズ】［IN］夢よ、咲け!／前橋ウィッチーズ（On-Semi-Mvc-Cut）※アニメ映像・パート分け有り.mp4
2026/02/19,【School Days HQ】[OP]Still I Love You ～黒真珠に願いを～(on-off)_4K／清浦刹那(CV山本華).mp4
2026/02/19,Elegy of the Enemies／The Canbellz／北斗の拳 拳王軍ザコたちの挽歌 (MVC-On-Off).mp4
2026/02/19,劇場版 僕の心のヤバイやつ (off-UVRchorus-on) 茜【ヨルシカ】※アニメ公式 MV.mp4
2026/02/19,【サラダ十勇士トマトマン】『OP』[ヴェジタブル マイ ラヴ]「晴山さおり」(On-Off)(百合川).mp4
2026/02/19,It's my CUE.(MV)／田所あずさ［on-cut］.mp4
2026/02/18,【勇者パーティーにかわいい子がいたので、告白してみた。】「キミ攻略ゲーム」[Ed][大宮陽和][On-Off][アニメ][芝ちゃん].mp4
2026/02/18,「想いのかけら（本人映像）」佐々木李子【オフボーカル・コーラス入り】.mp4
2026/02/18,【声優】もしかしてもしかする／麻倉もも(On-Cut)※LIVE映像(Live Tour 2024 “ChouChou”)【naoo】.mp4
2026/02/18,【声優】TickTack…Bomb／内田真礼(On-Cut)※LIVE映像(UCHIDA MAAYA LIVE 2017『+INTERSECT♡SUMMER+』)【naoo】.mp4
2026/02/18,【負けヒロインが多すぎる！】[IM]最上級にかわいいの／小鞠知花、八奈見杏菜、焼塩檸檬(On-Cut)※パート分け無し、LIVE映像(スペシャルイベント「ツワブキ高校文芸部課外活動」)【naoo】.mp4
2026/02/18,【七つの大罪 憤怒の審判】[OP]永遠のAria／雨宮天(On-Cut)※LIVE映像(ライブツアー2022 _BEST LIVE TOUR -SKY-)【naoo】.mp4
2026/02/18,【meiji果汁グミ メグミとタイヨウII】[TM]時空サファイア／水樹奈々(On-Cut)※LIVE映像(出雲大社御奉納公演 〜月花之宴〜)【naoo】.mp4
2026/02/18,【ジャンケンマン】『OP』[やったぞジャンケンマン]「折笠愛、cotton」(On-Off)(百合川).mp4
2026/02/18,【貴族転生 ～恵まれた生まれから最強の力を得る～ ED】 You'll Be In My Heart ～そばに～(cut&コーラス入-on) ／ アリーチェ(CV.橘杏咲)_けんちぃ_1172.mp4
2026/02/18,【School Days】[ED]BYE‐BYE TEARS(on-off)／yozuca.mp4
2026/02/18,【姫様“拷問”の時間です 第2期 OP】 Sunday Morning(cut&コーラス入-on)_パート分け ／ ILLIT_けんちぃ_1157.mp4
2026/02/18,【ブルーアーカイブ】「Let's Go With...」[IM][アスナ・ミカ・キララ・ミヨ・スバル・ユカリ][2tr Off-On].mp4
2026/02/18,【超かぐや姫!】 [IN] 私は私のことが好き／かぐや(CV夏吉ゆうこ) bb276 (On-Off).mp4
2026/02/18,魔都精兵のスレイブ2 (off-UVRchorus-on) 光よ、僕に。【鬼頭明里】※ご褒美Ver 第６話まで.mp4
2026/02/18,【ジャンケンマン】『ED』「曇りのち晴れ渡辺くん」[cotton](On-Off)(百合川).mp4
2026/02/17,【ジャンケンマン】『ED』「曇りのち晴れ渡辺くん」[cotton](On-Off)(百合川)／本人映像.mp4
2026/02/17,【GOTOTERUKI】『』[パイオツ君]「後藤輝樹」(On-Off)(Youtube).mp4
2026/02/17,【からかい上手の高木さん】[OP]言わないけどね。／大原ゆい子、高橋李依(On-Cut)※パート分け有り、LIVE映像(クリスマスイヴイヴイヴライブ～あたため上手の高木サンタ～)【naoo】.mp4
2026/02/17,【GOTOTERUKI】『』[シコらせてOh my heart!]「後藤輝樹」(On-Off)(Youtube).mp4
2026/02/17,ゆめゆめスターライト [DUO4][PV] (cut) M学園.mp4
2026/02/17,【BanG Dream!】[IM]ゴーカ！ごーかい！？ファントムシーフ！／ハロー、ハッピーワールド！(On-Cut)※LIVE映像【naoo】.mp4
2026/02/17,【声優】可愛くてごめん／高尾奏音(On-Cut)※CrosSing映像【naoo】.mp4
2026/02/17,【アニソ〜ンぷらす】[ED]freedom dreamer／茅原実里(On-Cut)※MV映像【naoo】.mp4
2026/02/17,【ブレンド・S】[CS]妄想ワーキングタイム／天野美雨 CV種﨑敦美(On-Cut)※LIVE映像【naoo】.mp4
2026/02/17,【殻ノ少女 FULL VOICE HD SIZE EDITION】[OP]瑠璃の鳥(on-off)_4K_60fps／霜月はるか.mp4
2026/02/17,【ブルーアーカイブ】「Victory Sky」[IM][ネル(小清水亜美)][2tr Off-On].mp4
2026/02/17,【ブルーアーカイブ】「Hand in Hand， Heart in Heart」[IM][ノノミ(三浦千幸)][2tr Off-On].mp4
2026/02/17,【ブルーアーカイブ】「waking Night」[IM][サオリ(石上静香)][2tr Off-On].mp4
2026/02/17,姫様“拷問”の時間です 第2期 (off-UVRchorus-on) お姫様にはなれない【『ユイカ』】.mp4
2026/02/17,ダーウィン事変 (off-UVRchorus-on) Turn It Up【a子】.mp4
2026/02/17,お気楽領主の楽しい領地防衛 ～生産系魔術で名もなき村を最強の城塞都市に～ (off-UVRchorus-on) Make it【大渕野々花】※ED1.mp4
2026/02/17,魔術師クノンは覚えている (off-UVRchorus-on) Story feat.katagiri※KOHTA YAMAMOYO MV.mp4
2026/02/16,【超かぐや姫!】 [IN] ワールドイズマイン CPK! Remix／かぐや(CV夏吉ゆうこ)月見ヤチヨ(CV早見沙織) ※パート分け有 bb275 (On-Off).mp4
2026/02/16,【プラオレ! ～PRIDE OF ORANGE～】ハレ、のちドリーミンぐっ！○（パート分け）／SMILE PRINCESS［on-cut］.mp4
2026/02/16,【魔術師クノンは見えている】[ED]Story feat. katagiri／KOHTA YAMAMOTO(On-Cut)【naoo】.mp4
2026/02/16,「グライド（公式PV）」Myuk【オフボーカル・コーラス入り】.mp4
2026/02/16,「てくてく日和」桜小路きな子 (鈴原希実)【オフボーカル・コーラス入り】.mp4
2026/02/16,【姫様“拷問”の時間です】[ED]お姫様にはなれない／『ユイカ』(On-Cut)【naoo】.mp4
2026/02/16,「渦」imase【オフボーカル・コーラス入り】.mp4
2026/02/16,【ヘルモード ～やり込み好きのゲーマーは廃設定の異世界で無双する～】[ED]Sanctuary／花耶(On-Cut)【naoo】.mp4
2026/02/16,【学園アイドルマスター】 [IN] 古今東西ちょちょいのちょい／花海咲季(CV長月あおい) 月村手毬(CV小鹿なお) 藤田ことね(CV飯田ヒカル) bb274 (On-Off).mp4
2026/02/16,勇者のクズ (on) メンタルレンタル※紫今 MV.mp4
2026/02/16,【「お前ごときが魔王に勝てると思うな」と勇者パーティを追放されたので、王都で気ままに暮らしたい】[ED]I need／田中有紀(On-Cut)【naoo】.mp4
2026/02/16,【ダーウィン事変】[ED]Turn It Up／a子(On-Cut)【naoo】.mp4
2026/02/16,【【推しの子】】[OP]TEST ME／ちゃんみな(On-Cut)【naoo】.mp4
2026/02/16,【お気楽領主の楽しい領地防衛】[ED]Make it／大渕野々花(On-Cut)【naoo】.mp4
2026/02/16,【勇者パーティーにかわいい子がいたので、告白してみた。】[OP]Lavish!!／吉乃(On-Cut)【naoo】.mp4
2026/02/16,【綺麗にしてもらえますか。】[ED]若葉のころ／清浦夏実(On-Cut)【naoo】.mp4
2026/02/16,【勇者のクズ】[ED]メンタルレンタル／紫今(On-Cut)【naoo】.mp4
2026/02/16,【違国日記】[ED]言伝／Bialystocks(On-Cut)【naoo】.mp4
2026/02/16,【超時空要塞マクロス】［IN］マイ・ビューティフル・プレイス／飯島真理（On-Semi-Cut）.mp4
2026/02/16,【ブルーアーカイブ】「勇者アリスの大冒険！」[IM][アリス(田中美海)][2tr Off-On].mp4
2026/02/16,みゆき ED1_想い出がいっぱい_H2O_2CH_画質UP版.mp4
2026/02/15,【プリンセッション・オーケストラ】「白亜の揺籃」[In][白の女王(CV.花澤香菜)][On-Off][アニメ][加古].mp4
2026/02/15,【ポケットモンスター(2023)】「ねてもさめてもver2」[Ed][ポルカドットスティングレイ[アニメ][悠季](On-Off).mp4
2026/02/15,【ダーリン・イン・ザ・フランキス】KISS OF DEATH／中島美嘉(off-on).mp4
2026/02/15,【超かぐや姫！】[TM]Ex-Otogibanashi（パート分け）／月見ヤチヨ(早見沙織)&かぐや(夏吉ゆうこ)〔MVC-On-Off〕.mp4
2026/02/15,【hololive×HoneyWorks】「リア充★撲滅運動(Kotoha)修正版」[紫咲シオン][悠季](On-Off).mp4
2026/02/15,【劇場版マクロスΔ 絶対LIVE!!!!!!】［IN］ALIVE〜祈りの唄〜／ワルキューレ（On-Semi-Mvc-Cut）※アニメ映像・パート分け有り.mp4
2026/02/15,【プロジェクトセカイ カラフルステージ! feat. 初音ミク】-25時、ナイトコードで。-幸福刑(cut-on)2DMV.mp4
2026/02/15,【プロジェクトセカイ カラフルステージ! feat. 初音ミク】-25時、ナイトコードで。-幸福刑(cut-on)3DMV.mp4
2026/02/15,【綺麗にしてもらえますか。】[ED]若葉のころ(on-off)_第6話まで／清浦夏実.mp4
2026/02/15,アルネの事件簿 (off-UVRchorus-on) 人形の街【小林私】.mp4
2026/02/15,みゆき ED2_Good-byeシーズン_H2O_2CH_画質UP版.mp4
2026/02/14,星あかりの羅針盤 (cut) あいりすミスティリア！.mp4
2026/02/14,【ご近所物語】「NG!」[Ed][宍戸留美][On-Off][アニメ][芝ちゃん].mp4
2026/02/14,Official MV_灰色と青 (+菅田将暉)_米津玄師_2CH_OFF改.mp4
2026/02/14,【憑物語】border／ClariS(on-off)※パート分け.mp4
2026/02/14,【hololive×HoneyWorks】「かわいこちぇっく!(Kotoha)修正版」[戌神ころね][一般][悠季](On-Off).mp4
2026/02/14,【葬送のフリーレン(2期)】「The Story of Us」[ED][milet][2tr Off-On].mp4
2026/02/14,【諦観のイヴ・ベセル_OP】Faith／YURIA_on-off.mp4
2026/02/14,VIVA LA LIBERATION【超人的シェアハウスストーリー『カリスマ』・天堂天彦(田中涼星)】.mp4
2026/02/14,【声優】「チョコレート・メモリアル」[IM][小倉唯][2tr Off-On].mp4
2026/02/14,【ゲーセン少女と異文化交流】[OP]ふたりのスタートボタン(on-off)_パート分け_最終話まで／リリー・ベイカー(天城サリー)、草壁葵衣(小山内怜央).mp4
2026/02/14,【ヘルモード ～やり込み好きのゲーマーは廃設定の異世界で無双する～ OP】 ハク(cut&コーラス入-on) ／ あたらよ_けんちぃ_1165.mp4
2026/02/14,【姫様“拷問”の時間です 第2期 ED】 お姫様にはなれない(cut&コーラス入-on) ／ ユイカ_けんちぃ_1158.mp4
2026/02/14,【多聞くん今どっち！？】 SUPERNOVA ※1話挿入歌 (off-弱ボーカル-UVRコーラス入-on) ／ F／ACE.mp4
2026/02/13,火喰鳥 羽州ぼろ鳶組 (off-UVRchorus-on) はみだし御免【ポルノグラフィティ】.mp4
2026/02/13,LIVE映像_ロビンソン_スピッツ_2CH_画質UP版.mp4
2026/02/13,ガングリオン～世界征服～【ガングリオン・高取ヒデアキ】.mp4
2026/02/13,たびだちのうた【ポケモン feat. 初音ミク Project VOLTAGE 18(烏屋茶房 )ニコカラ使用】.mp4
2026/02/13,VIBESxVIBES【ナンバーワン戦隊ゴジュウジャー・Wienners(YOUTUBE動画使用)】.mp4
2026/02/13,独り奉死【超人的シェアハウスストーリー『カリスマ』・本橋依央利(福原 かつみ)】.mp4
2026/02/13,めちゃめちゃカリスマ【超人的シェアハウスストーリー『カリスマ』・七人のカリスマ】.mp4
2026/02/13,綺麗にしてもらえますか。 (off-UVRchorus-on) 綺麗。【ゆう。】.mp4
2026/02/13,【ヘルモード ～やり込み好きのゲーマーは廃設定の異世界で無双する～ ED】 Sanctuary(cut&コーラス入-off-on) ／ 花耶_けんちぃ_1166.mp4
2026/02/13,【姫様”拷問”の時間です(2期)】「Sunday Morning(パート分け有)」[OP][ILLIT][2tr Off-On].mp4
2026/02/13,【ブルーアーカイブ】「わたしたちのクエスト」[IM][ミレニアムサイレンススクール ゲーム開発部][2tr Off-On].mp4
2026/02/13,ヴィジランテ -僕のヒーローアカデミア ILLEGALS- 第2期 (off-UVRchorus-on) ミス・ユー【シャイトープ】.mp4
2026/02/13,魔王の娘は優しすぎる!! (off-UVRchorus-on) ドゥのこうしんきょく【ドゥ（CV：久野美咲）】※第６話 挿入歌 アニメ公式 MV.mp4
2026/02/12,【ブルーアーカイブ】「うららか☆SYUGYOU」[IM][修行部][2tr Off-On].mp4
2026/02/12,【ブルーアーカイブ】「美食追求の道 ～いただきます！～」[IM][美食研究会][2tr Off-On].mp4
2026/02/12,デッドアカウント (off-UVRchorus-on) デッドエンド【五十嵐ハル】※アニメ公式 MV.mp4
2026/02/12,【プリンセッション・オーケストラ】「Future Never Ends」[Ed][オルケリア][On-Off][アニメ][加古].mp4
2026/02/12,地獄楽 第二期 (off-UVRchorus-on) PERSONAL【女王蜂】.mp4
2026/02/12,【アイドルマスターシンデレラガールズ】[IM]Gaze and Gaze／フォーリンシーサイド(On-Cut)※LIVE映像(7th LIVE TOUR Special 3chord♪)、パート分け有り【naoo】.mp4
2026/02/12,【カヤちゃんはコワくない_2人パート】[OP]／まぼろしの行方／朔雀 & 導凰／On-Off.mp4
2026/02/12,【ブルーアーカイブ】「看板娘のヒミツ素顔」[IM][シズコ(森永千才)][2tr Off-On].mp4
2026/02/12,[GARANDO／鈴木このみ] ノーゲーム・ノーライフ[on-off].mp4
2026/02/12,【終末のワルキューレⅢ】「Dead or Alive」[OP][GLAY][2tr Off-On].mp4
2026/02/12,【にじさんじ】「てあらいうがいの歌」[IM][健屋花那・名取さな][On].mp4
2026/02/12,【ブルーアーカイブ】「記憶と記録の間に」[IM][ノア(鈴代紗弓)][2tr Off-On].mp4
2026/02/12,【ブルーアーカイブ】「パトランプハーモニー！」[IM][ヴァルキューレ][2tr Off-On].mp4
2026/02/12,【ブルーアーカイブ】「パフェダイアリーズ」[IM][放課後スイーツ部][2tr Off-On].mp4
2026/02/12,リンカ [DUO3] (off) あいりすミスティリア！.mp4
2026/02/12,【超かぐや姫!】 [IM] tell your world／月見ヤチヨ(CV早見沙織) bb273 (On-Off).mp4
2026/02/12,【超かぐや姫！】[IN]私は、わたしの事が好き。（公式アニメMV）／かぐや(夏吉ゆうこ)〔MVC-On-Off〕.mp4
2026/02/12,【超かぐや姫!】 [IM] トリノコシティ／月見ヤチヨ(CV早見沙織) bb272 (On-Off).mp4
2026/02/11,東映映画_就職戦線異状なし 主題歌_どんなときも。_槇原敬之_2CH.mp4
2026/02/11,【僕の心のヤバイやつ】 [OP] 茜／ヨルシカ bb271 (On-Off).mp4
2026/02/11,【ご近所物語】「DON'T YOU KNOW」[Ed][宍戸留美][On-Off][アニメ][芝ちゃん].mp4
2026/02/11,【メダリスト第2期】[ED]Rookies／Conton Candy(On-Cut)【naoo】.mp4
2026/02/11,【やりなおしクランクイン_OP】クランクイン！／辰巳深空（CV.夏和小）_on-cr-off.mp4
2026/02/11,【ばっどがーる】オオカミ・ザ・ライトニング（on-off）／天狼群.mp4
2026/02/11,【キミとアイドルプリキュア♪】-松岡美里 髙橋ミナミ 高森奈津美 南條愛乃 花井美春-キミとシンガリボン(cut-on)パート分け.mp4
2026/02/11,青のミブロ-芹沢暗殺編- (off-UVRchorus-on) 泡沫【崎山蒼志】※第２期 ED.mp4
2026/02/11,すき【MV】Ai_渡辺美里_UVRVC_ON.mp4
2026/02/11,【ウマ娘 プリティーダービー】Make debut!(パート分け)／スペシャルウィーク(和氣あず未)、サイレンススズカ(高野麻里佳)、トウカイテイオー(Machico)、他[on-cut].mp4
2026/02/11,【ウマ娘 プリティーダービー】めにしゅき♡ラッシュっしゅ！(パート分け)／カレンチャン(篠原侑)、スティルインラブ(宮下早紀)、フサイチパンドラ(佳原萌枝)、他[on-cut].mp4
2026/02/11,【M学園 from HoneyWorks】好きなのバレバレ／栗田りん&冴島まき（CV：立花日菜&鬼頭明里）(on-off).mp4
2026/02/11,AIKa R-16：VIRGIN MISSION (off-UVRchorus-on) Sailing to the future【小清水亜美】※2007 OVA 最終話まで.mp4
2026/02/11,【どうせ、恋してしまうんだ。 第2期】[OP]LとR(on-off)／MEI.mp4
2026/02/11,【[劇場版]クスノキの番人 主題歌】 傍らにて月夜(cut&コーラス入-on) ／ Uru_けんちぃ_1164.mp4
2026/02/11,【真夜中ハートチューン OP】 月に向かって撃て(cut&コーラス入-off-on) ／ 星街すいせい_けんちぃ_1169.mp4
2026/02/11,有栖川煉ってホントは女なんだよね。 (off-UVRchorus-on) 僕とのひめゴト【sammy】※完全デレギュラ版.mp4
2026/02/11,【銀河特急 ミルキー☆サブウェイ】 [OP] Altair and Vega／MindaRyn bb270 (On-Off).mp4
2026/02/11,火喰鳥 羽州ぼろ鳶組 (off-UVRchorus-on) はみだし御免※ポルノグラフィティ MV.mp4
2026/02/10,【銀河特急 ミルキー☆サブウェイ】 [OP] 銀河系まで飛んで行け!／キャンディーズ bb269 (On-Off).mp4
2026/02/10,「真冬のハーモニー（本人映像）」中島美嘉with藤巻亮太【オフボーカル・コーラス入り】.mp4
2026/02/10,【29歳独身中堅冒険者の日常】「君が灯してくれた光を今」[Op][HoneyWorks feat.Hanon][On-Off][アニメ][悠季].mp4
2026/02/10,【29歳独身中堅冒険者の日常】「君の隣は空気が美味しい」[Ed][HoneyWorks feat.Kotoha][On-Off][アニメ][悠季].mp4
2026/02/10,【花ざかりの君たちへ】「アドレナ」[Op][YOASOBI][On-Off][アニメ][悠季].mp4
2026/02/10,【バディ・コンプレックス】「あの空に還る未来で」[Ed][ChouCho][On-Off][アニメ][芝ちゃん].mp4
2026/02/10,【カードファイト!! ヴァンガード Divinez デラックス決勝編】「’FIGHT' ADDICT」[Ed][RAISE A SUILEN][On-Off][アニメ][芝ちゃん].mp4
2026/02/10,【ロザリオとバンパイア】「COSMIC LOVE」[OP][水樹奈々][2tr Off-On].mp4
2026/02/10,JOURNEE(MV)／JELEE〔MVC-On-Off〕.mp4
2026/02/10,アンドロイドは経験人数に入りますか？？ (off-UVRchorus-on) アンドロイドde新時代【栗駒こまる】※完全デレギュラ版.mp4
2026/02/10,【真夜中ハートチューン ED】 声の軌跡(cut&コーラス入-on) ／ Soala_けんちぃ_1170.mp4
2026/02/10,【Fate／strange Fake ED】 潜在的なアイ(cut&コーラス入-on) ／ 13.3g_けんちぃ_1168.mp4
2026/02/10,【一般曲】「Once Upon a Time in Love」[-][TUBE × THE ALFEE][2tr Off-On].mp4
2026/02/10,【イチゴ哀歌〜雑で生イキな妹と割り切れない兄〜】「恋はプリズム」[Tm][あかしゆきと乙倉ゅい][On-Off][アニメ][芝ちゃん]パート分け有り.mp4
2026/02/09,[ワンダンス]ED Wondrous (アニメ)(Off，On)／ELSEE.mp4
2026/02/09,【機動戦士ガンダム 閃光のハサウェイ キルケーの魔女】［IN］ENDROLL／川上洋平， SennaRin（On-Semi-Cut）※番宣映像編集・パート分け有り.mp4
2026/02/09,【虚構推理 Season2】ヨトギバナシ／カノエラナ(vc-on).mp4
2026/02/09,【虚構推理】モノノケ・イン・ザ・フィクション／嘘とカメレオン(vc-on).mp4
2026/02/09,【鎧真伝サムライトルーパー】「サムライハート」[IN][森口博子][2tr Off-On].mp4
2026/02/09,Fate／strange Fake (off-UVRchorus-on) 潜在的なアイ※13.3g MV.mp4
2026/02/08,「ヤング☆ヤング☆ヤング」ザ・ベイビースターズ【オフボーカル・コーラス入り】.mp4
2026/02/08,【ダーウィン事変】 [OP] make me wonder／Official髭男dism bb267 (On-Off).mp4
2026/02/08,魔法の音 [DUOP] (cut) 悪役令嬢は隣国の王太子に溺愛される.mp4
2026/02/08,【超かぐや姫!】 [ED] ray 超かぐや姫! Version／かぐや(CV夏吉ゆうこ)月見ヤチヨ(CV早見沙織) ※パート分け有・フルサイズ bb268  (On-Off).mp4
2026/02/08,【透明男と人間女～そのうち夫婦になるふたり～】-石原夏織-星眼鏡(cut-on).mp4
2026/02/08,救急戦隊ゴーゴーファイブ 挿入歌_FASTEST & GREATEST_石原慎一_2CH_画質UP版.mp4
2026/02/08,【正反対な君と僕】-PAS TASTA-ピュア feat.橋本絵莉子(cut-on).mp4
2026/02/08,【人外教室の人間嫌い教師】-オーイシマサヨシ-ニンゲン(cut-on).mp4
2026/02/08,救急戦隊ゴーゴーファイブ ED_この星を この街を_高山成孝_2CH_画質UP版.mp4
2026/02/08,【呪術廻戦（死滅回游 前編）】[OP]AIZO（パート分け）／King Gnu〔MVC-On-Off〕.mp4
2026/02/08,【 ゲーソン（MV３人パート分け済み）】KoiKyun!【イルミネーションスターズ 】【アイドルマスター シャイニーカラーズ 】【3tr ON-CUT-LCUT+18%VOCAL】.mp4
2026/02/08,「真夜中遊園地」夢限大みゅーたいぷ【オフボーカル・コーラス入り】.mp4
2026/02/08,【どうせ、恋してしまうんだ。】「初恋」[Ed][berry meet][On-Off][アニメ][芝ちゃん].mp4
2026/02/07,「My Untold Diary」桜坂しずく（前田佳織里）【オフボーカル・コーラス入り】.mp4
2026/02/07,デッドアカウント (off-UVRchorus-on) デッドエンド【五十嵐ハル】.mp4
2026/02/07,勇者パーティーにかわいい子がいたので、告白してみた。 (off-UVRchorus-on) キミ攻略ゲーム【大宮陽和】※ED2.mp4
2026/02/07,【こはるびより 】 OP ｜ エプロンだけは取らないで！／ ゆい ( 喜多村 英梨 ) [off-on ] .mp4
2026/02/07,【超かぐや姫！】[IN]私は、わたしの事が好き。／かぐや(夏吉ゆうこ)〔MVC-On-Off〕.mp4
2026/02/07,【天使の3P!】羽ばたきのバースデイ(パート分け)／Baby’s breath[on-cut].mp4
2026/02/07,紅／X JAPAN／カラオケ行こ！ (VC-On).mp4
2026/02/07,葬送のフリーレン 第2期 (off-UVRchorus-on) The Story of Us【milet】※Ver1 暫定版 アニメ公式 MV.mp4
2026/02/07,ドスケベ音頭／女部田郁子（井ノ上奈々）／ぬきたし The Animation (Off-On).mp4
2026/02/07,【Pフィーバー機動戦士ガンダム 逆襲のシャア】Resolve(on-off)／玉置成実.mp4
2026/02/07,【GALL FORCE ETERNAL STORY】「両手いっぱいのジョニー」[ED][小比類巻かほる][2tr Off-On].mp4
2026/02/07,【SI-VIS： The Sound of Heroes】[OP2]スーパーノヴァ(パート分け有)／SI-VIS〔MVC-On-Semi-Off〕.mp4
2026/02/07,キミとシンガリボン VC (On_Off).mp4
2026/02/07,【超かぐや姫！】[IN]Remember／月見ヤチヨ(早見沙織)〔MVC-On-Off〕.mp4
2026/02/07,【真夜中ハートチューン】「月に向かって撃て」[OP][星街すいせい][2tr Off-On].mp4
2026/02/06,【ポケットモンスター】「アイオライト」[Op][Eve][On-Off][アニメ][芝ちゃん].mp4
2026/02/06,【勇者パーティを追い出された器用貧乏】[ED]sukuu／Nowlu(On-Cut)【naoo】.mp4
2026/02/06,【アイドルマスタープラチナスターズ】Happy!／天海春香、如月千早、萩原雪歩、水瀬伊織、三浦あずさ、我那覇響、秋月律子[on-off-ハーフ].mp4
2026/02/06,Thunderbolt Fantasy 東離劍遊紀2 OP_His／Story_西川貴教_2CH_画質UP版.mp4
2026/02/06,【 ゲーソン（MV５人パート分け済み）】SUPREMACY【初星学園１年１組】【3tr ON-OFF-28%VOCAL】【学園アイドルマスター】.mp4
2026/02/06,【カヤちゃんはコワくない_2人パート分け】[ED]／Playmour feat. カヤちゃん／朔雀 & 導凰／On-Off.mp4
2026/02/06,【vα-liv】[MV]リローディング[灯里 愛夏&上水流 宇宙&レトラ](on-cut)krk[DUO3].mp4
2026/02/06,【vα-liv】[MV]リローディング[灯里 愛夏&上水流 宇宙&レトラ](on-cut)krk[DUO3].mp4
2026/02/06,魔王の娘は優しすぎる!! (off-UVRchorus-on) おえかきしようよ【ドゥ（CV：久野美咲）】※第５話 挿入歌 アニメ公式 MV.mp4
2026/02/06,貴族転生 ～恵まれた生まれから最強の力を得る～ (off-UVRchorus-on) Break off【SUPER★DRAGON】.mp4
2026/02/06,ヘルモード ～やり込み好きのゲーマーは廃設定の異世界で無双する～ (off-UVRchorus-on) Sanctuary【花耶】.mp4
2026/02/06,魔王の娘は優しすぎる!! (off-UVRchorus-on) あそぼうラララン【ドゥ（CV：久野美咲）】※第４話 挿入歌 アニメ公式 MV.mp4
2026/02/05,【ホロライブ】「等身大ラブレター」[IM][夏色まつり][2tr Off-On].mp4
2026/02/05,【機動戦士ガンダム 閃光のハサウェイ キルケーの魔女】「ENDROLL」[TM][川上洋平(Alexandros)×SennaRin][2tr Off-On].mp4
2026/02/05,【ホロライブ】「DEMON'S RESiDENCE」[IM][フワモコ][2tr Off-On].mp4
2026/02/05,【ヴィジランテ -僕のヒーローアカデミア ILLEGALS- 2期】[OP]CATCH!!!／すりぃ〔MVC-On-Semi-Off〕.mp4
2026/02/05,【Duel Masters LOST ～追憶の水晶～】「カンターレ」[ED][ニイカ(菱川花菜)][2tr Off-On].mp4
2026/02/04,【グランベルム】「月を追う真夜中」[OP][藍井エイル][OP][2tr Off-On].mp4
2026/02/04,【グランベルム】「月を追う真夜中」[OP][藍井エイル][OP][2tr Off-On].mp4
2026/02/04,【世界でいちばん強くなりたい!】「空色モノローグ」[Ed][鳴海杏子][On-Off][アニメ][芝ちゃん].mp4
2026/02/04,【勇者パーティーにかわいい子がいたので、告白してみた。】ED＿YES！サマーラブ♡／ハピネス シケ ミサキ[on-off-ハーフ]※パート分け.mp4
2026/02/04,【お気楽領主の楽しい領地防衛】おきらくぜ〜しょん ※OP (off-セミボーカル-UVRコーラス入-on〉／中島怜.mp4
2026/02/04,超力戦隊オーレンジャー_超力合体!!オーレンジャーロボ_速水けんたろう_2CH_OFF改.mp4
2026/02/04,【アウトブレイク・カンパニー】瞳はアクアブルー／ペトラルカ・アン・エルダント三世(CV：渕上舞)［on-cut］.mp4
2026/02/04,【正反対な君と僕】[ED]ピュア feat.橋本絵莉子／PAT TASTA(On-Cut)【naoo】.mp4
2026/02/04,【ホロライブ】「星が降る夜」[IM][Ayunda Risu][2tr Off-On].mp4
2026/02/04,【アークナイツ】「Runaway」[IM][ReoNa][2tr Off-On].mp4
2026/02/04,【シャンピニオンの魔女 ED】 君は(cut&コーラス入-on) ／ Ms.OOJA_けんちぃ_1154.mp4
2026/02/03,キャプテンパワー 日本語吹替版 ED_FLASH BACK_ZIG ZAG_2CH_画質UP版.mp4
2026/02/03,【超かぐや姫！】[IN]星降る海／月見ヤチヨ(早見沙織)〔MVC-On-Off〕.mp4
2026/02/03,【超かぐや姫！】[IN]瞬間、シンフォニー。／かぐや(夏吉ゆうこ)〔MVC-On-Off〕.mp4
2026/02/03,STORM 2021【JAM project 25th Anniversary LIVE FINAL COUNTDOWN】.mp4
2026/02/03,【シャンピニオンの魔女 OP】 魔法使いの日記(cut&コーラス入-on) ／ ロス_けんちぃ_1153.mp4
2026/02/03,地獄楽 第二期 (off-UVRchorus-on) PERSONAL※女王蜂 MV.mp4
2026/02/03,【プリンセッション・オーケストラ】「QUINTET PULSE」[Ed][オルケリア][On-Off][アニメ][加古].mp4
2026/02/03,【eリコリス・リコイル】「Trigger(パート分け有)」[IN][ClariS][2tr Off-On].mp4
2026/02/02,【能登半島復興応援企画アニメーション】ペリドット／nano.RIPE［on-cut］.mp4
2026/02/02,【機動戦士ガンダム 閃光のハサウェイ】 [ED] Sweet Child O’Mine bb266 (On-Off).mp4
2026/02/02,【悪役令嬢は隣国の王太子に溺愛される_2人パート分け】[ED]／高垣彩陽 feat. 城田優／魔法の音／On-Off.mp4
2026/02/02,五人ライダー対キングダーク MAD_ライダー賛歌_子門真人_2CH_画質UP版.mp4
2026/02/02,【プラスティック・メモリーズ】Ring of Fortune／佐々木恵梨(vc-on).mp4
2026/02/02,「Runway」村野さやか(野中ここな)【オフボーカル・コーラス入り】.mp4
2026/02/02,【超かぐや姫!】 [TM] Ex-Otogibanashi／かぐや(CV夏吉ゆうこ)月見ヤチヨ(CV早見沙織)  ※パート分け有 bb265 (On-Off).mp4
2026/02/02,キャプテンパワー 日本語吹替版 OP_ふりむけばDanger!_堀江美都子_2CH_画質UP版.mp4
2026/02/02,「絆」亀梨和也【オフボーカル・コーラス入り】.mp4
2026/02/02,【多聞くん今どっち！？ OP】 Sweet Magic(cut&コーラス入-on)_パート分け ／ F／ACE_けんちぃ_1132.mp4
2026/02/02,【地獄楽 2nd Season ED】 PERSONAL(cut&コーラス入-on) ／ 女王蜂__けんちぃ_1140.mp4
2026/02/02,【メダリスト】 [OP] Cold Night／HANA ※パート分け有 bb261 ver2 (On-Off).mp4
2026/02/01,愛のファンファーレ [DUOP] (cut) 悪役令嬢は隣国の王太子に溺愛される.mp4
2026/02/01,勇者パーティーにかわいい子がいたので、告白してみた。 (off-UVRchorus-on) キミ攻略ゲーム※大宮陽和 MV.mp4
2026/02/01,【花ざかりの君たちへ OP】 アドレナ(cut&コーラス入-on) ／ YOASOBI_けんちぃ_1130.mp4
2026/02/01,なぜ？謎？！ANSWER 簡易版 (OnVocal).mp4
2026/02/01,[アイドリッシュセブン] Empathy (MV+CG LIVE)(Off，On)／TRIGGER.mp4
2026/02/01,【PT_ラブラブお痴験バイト性活 OP主題歌】LIP TIP／榊原ゆい_v1【ON-OFF】.avi
2026/02/01,【PT_星織ユメミライ 篠崎真里花ED】あいのうた／佐咲紗花_v3.1【ON-OFF】.avi
2026/02/01,【PT_星織ユメミライ 篠崎真里花イメージソング】キミの街へ☆彡／佐咲紗花_v3.1【ON-OFF】.avi
2026/02/01,【PT_星織ユメミライ 逢坂そらED】Celestia／霜月はるか_v3【ON-OFF】.avi
2026/02/01,【PT_星織ユメミライ 逢坂そらイメージソング】Star Linker／霜月はるか_v3【ON-OFF】.avi
2026/02/01,【有栖川煉ってホントは女なんだよね。】[ED]僕とのひめゴト(on-off)_パート分け_オンエア版／sammy.mp4
2026/02/01,【真・侍伝 YAIBA】「BLADE」[Op][BLUE ENCOUNT][On-Off][アニメ][芝ちゃん].mp4
2026/02/01,デッドアカウント (off-UVRchorus-on) デッドエンド※五十嵐ハル MV.mp4
2026/02/01,【みんなのうた】『』[おっぱいがいっぱい]「宮村優子」(On-Off)(百合川).mp4
2026/02/01,【超かぐや姫!】 [ED] ray 超かぐや姫! Version／かぐや(CV夏吉ゆうこ)月見ヤチヨ(CV早見沙織) ※パート分け有・アニメEDサイズ bb264 (On-Off).mp4
2026/02/01,アンドロイドは経験人数に入りますか？？ (off-UVRchorus-on) アンドロイドde新時代※栗駒こまる MV.mp4
2026/02/01,【ちんこ音頭】『』[ちんこ音頭]「2ちゃんねる」(On-Off)(2ちゃんねる).mp4
2026/02/01,貴族転生 ～恵まれた生まれから最強の力を得る～ (off-UVRchorus-on) Break off※SUPER★DRAGON MV.mp4
2026/02/01,ダーウィン事変 (off-UVRchorus-on) Turn It Up※a子 MV.mp4
2026/02/01,魔都精兵のスレイブ2 (off-UVRchorus-on) 光よ、僕に。※鬼頭明里 MV.mp4
2026/02/01,青のミブロ-芹沢暗殺編- (off-UVRchorus-on) Blue Noise※Ryosuke Yamada MV.mp4
2026/01/31,TRIGUN STARGAZE (off-UVRchorus-on) スターダスト※FOMARE MV.mp4
2026/01/31,【お前ごときが魔王に勝てると思うな」と勇者パーティを追放されたので、王都で気ままに暮らしたい OP】 Liberator(cut&コーラス入-on) ／  PassCode_けんちぃ_1146.mp4
2026/01/31,拷問バイトくんの日常 (off-UVRchorus-on) 明日天気になぁれ※寺島拓篤 MV.mp4
2026/01/31,ヴィジランテ -僕のヒーローアカデミア ILLEGALS- 第2期 (off-UVRchorus-on) ミス・ユー※シャイトープ MV.mp4
2026/01/31,「挿入歌」First Love is Never Returned【オフボーカル・コーラス入り】.mp4
2026/01/31,「幻想アンダーグラウンド」大石昌良【オフボーカル・コーラス入り】.mp4
2026/01/31,「僕らの行進曲」First Love is Never Returned【オフボーカル・コーラス入り】.mp4
2026/01/31,救急戦隊ゴーゴーファイブAi【救急戦隊ゴーゴーファイブ_石原慎一】UVR_ON.mp4
2026/01/31,[アイドリッシュセブン] UNFOLDiNG HARMONY (MV+CG LIVE)(Off，On)／IDOLiSH7.mp4
2026/01/31,「雪舞う空と二秒の永遠」蓮ノ空女学院スクールアイドルクラブ【オフボーカル・コーラス入り】.mp4
2026/01/31,[アイドリッシュセブン] Crz Love (MV)(Off，On)／IDOLiSH7.mp4
2026/01/31,【カヤちゃんはコワくない ED】 Playmour(cut&コーラス入-off-on) ／ 朔雀&導凰_けんちぃ_1162.mp4
2026/01/31,【ダーウィン事変 ED】 Turn It Up(cut&コーラス入-on) ／ a子_けんちぃ_1160.mp4
2026/01/31,【プリンセス・プリンシパル Crown Handler】[OP]LIES & TIES(on-off)_第4章まで／Void_Chords feat.Yui Mugino.mp4
2026/01/31,キミとアイドルプリキュア♪ Light Up! 映画映像Ver VC (On1_On2_Off).mp4
2026/01/31,【トリッカル・もちもちほっペ大作戦】[TM]もちょっとトリッカル[河瀬茉希・日笠陽子・高野麻里佳](on-cut)krk[パート無].mp4
2026/01/31,【トリッカル・もちもちほっペ大作戦】[TM]もちょっとトリッカル[河瀬茉希・日笠陽子・高野麻里佳](on-cut)krk[パート無].mp4
2026/01/31,違国日記 (off-UVRchorus-on) 言伝【Bialystocks】.mp4
2026/01/31,ほっぺちゃん ～サン王国と黒ほっぺ団の秘密～ (off-UVRchorus-on) とっておきあげちゃうよ※あみゅどる MV.mp4
2026/01/30,「スノウゴースト」flumpool【オフボーカル・コーラス入り】.mp4
2026/01/30,【アイドルマスター シャイニーカラーズ】[IN]Cyber Parkour[ストレイライト](on-cut)krk[DUO3].mp4
2026/01/30,【アイドルマスター シャイニーカラーズ】[IN]Cyber Parkour[ストレイライト](on-cut)krk[DUO3].mp4
2026/01/30,【貴族転生 〜恵まれた生まれから最強の力を得る〜】[OP]Break off／SUPER☆DRAGON(On-Cut)【naoo】.mp4
2026/01/30,メダリスト 第2期 (off-UVRchorus-on) Rookies【Conton Candy】.mp4
2026/01/30,異世界の沙汰は社畜次第 (off-UVRchorus-on) Magic【kobore】.mp4
2026/01/30,透明男と人間女 ～そのうち夫婦になるふたり～ (off-UVRchorus-on) Ding-dong【阿部真央】.mp4
2026/01/30,【推しの子】 第3期 (off-UVRchorus-on) TEST ME【ちゃんみな】※Ver2.mp4
2026/01/30,【宇宙のステルヴィア】「over the limits」[IM][angela][2tr Off-On].mp4
2026/01/30,【鎧真伝サムライトルーパー】「YOAKE」「OP][blankpaper][2tr Off-On].mp4
2026/01/30,[花鳥風月／鈴木このみ]花の慶次～黄金の一撃[on-off].mp4
2026/01/30,29歳独身中堅冒険者の日常 (off-UVRchorus-on) 君の隣は空気が美味しい【HoneyWorks feat.Kotoha】.mp4
2026/01/30,【カヤちゃんはコワくない OP】 まぼろしの行方(cut&コーラス入-on) ／ ヰ世界情緒_けんちぃ_1161.mp4
2026/01/30,【【推しの子】 3rd Season ED】 セレナーデ(cut&コーラス入-on) ／ なとり_けんちぃ_1156.mp4
2026/01/30,[瞬間、シンフォニー／かぐや(夏吉ゆうこ)]超かぐや姫！[on-off].mp4
2026/01/30,ハイスクール！奇面組 (off-UVRchorus-on) ステキッ!!【離婚伝説】※2026年版 ED.mp4
2026/01/30,【機動戦士ガンダム 鉄血のオルフェンズ】 [ED] フリージア bb263 (On-Off).mp4
2026/01/29,【アンジェリーク 魔恋の六騎士】「愛のWarrior」[Op][GRANRODEO][On-Off][ゲーム][芝ちゃん].mp4
2026/01/29,【Another Century's Episode 2(アナザーセンチュリーズエピソード2)】主題歌｜GLORIOUS／愛内里菜［on-off］〔-A.C.E.2 ver.-〕.mp4
2026/01/29,イトシキヒビ（伊藤かな恵&きみコ Duet Version）（パート分け）／nano.RIPE［on-cut］.mp4
2026/01/29,【わたしが恋人になれるわけないじゃん、ムリムリ!(※ムリじゃなかった！？) ～ネクストシャイン！～】[ED]ディア・マイ・スペシャル・プレシャス・マーベラス・スウィート・ダーリンズ(パート分け有 本編映像反映)／クインテット〔MVC-On-Off〕.mp4
2026/01/29,【Fate／strange Fake】[OP]PROVANT／SawanoHiroyuki[nZk]：Jean-Ken Johnny & TAKUMA(On-Cut)【naoo】.mp4
2026/01/29,【美味しんぼ】OP｜Dang Dang 気になる／中村由真［on-off］.mp4
2026/01/29,【パプリカ】挿入歌｜パレード／平沢進［on-off］.mp4
2026/01/29,Ievan Polkka／初音ミク［on-off］.mp4
2026/01/29,【PS2 戦国BASARA】OP｜crosswise／T.M.Revolution［on-off］.mp4
2026/01/29,【戦国BASARA4】OP｜Count ZERO／T.M.Revolution［on-off］.mp4
2026/01/29,ドラゴンエネルギー／オーイシマサヨシ＆加藤純一［on-off］.mp4
2026/01/29,【ブラッククローバー】「永遠に光れ（Everlasting Shine）」[Op][TOMORROW X TOGETHER][On-Off][アニメ][芝ちゃん].mp4
2026/01/29,【ブラッククローバー】「sky & blue」[Op][GIRLFRIEND][On-Off][アニメ][芝ちゃん].mp4
2026/01/29,【ブラッククローバー】「Guess Who Is Back」[Op][倖田來未][On-Off][アニメ][芝ちゃん].mp4
2026/01/29,Make Me Wonder／ダーウィン事変／Official髭男dism.mp4
2026/01/29,[最推しの義兄を愛でるため、長生きします！]ED Endless You (アニメ)(Off，On)／蒼井翔太.mp4
2026/01/29,真夜中ハートチューン (off-UVRchorus-on) 声の軌跡※Soala MV.mp4
2026/01/29,【真夜中ハートチューン】 [ED] 声の軌跡 bb262 (On-Off).mp4
2026/01/28,大戦隊ゴーグルファイブ 挿入歌_出撃! ゴーグルロボ_MoJo、こおろぎ'73_2CH_画質UP版.mp4
2026/01/28,29歳独身中堅冒険者の日常 (off-UVRchorus-on) 君の隣は空気が美味しい※HoneyWorks feat.Kotoha MV.mp4
2026/01/28,[エタニクル／ASCA]anemoi[on-off].mp4
2026/01/28,[ロマンス／PENICILLIN]セクシーコマンドー外伝 すごいよ!! マサルさん[on-off]2.mp4
2026/01/28,【メダリスト】［OP2］Cold Night／HANA（On-Semi-Mvc-Cut）※アニメ映像ver1.1・1話まで・パート分け無し.mp4
2026/01/28,深爪ファイター ～キャンディー伊藤のテーマ【おジャ魔女どれみ・キャンディ伊藤(松本美和)(ニコカラ)】.mp4
2026/01/28,DIVER【ワンス・アポン・ア・塊魂・やくしまるえつこ】.mp4
2026/01/28,【ハンドシェイカー】「ユメミル雨」[Ed][新居昭乃][On-Off][アニメ][芝ちゃん].mp4
2026/01/28,【蒼き伝説 シュート！】「素直でいたい」[Ed][WENDY][On-Off][アニメ][芝ちゃん].mp4
2026/01/28,[アイドリッシュセブン] BREAK THE LIMITATION (CG LIVE)(Cut，On)／ZOOL.mp4
2026/01/28,【ブルーアーカイブ】「主殿のお傍でニンニンニン」[IM][イズナ][2tr Off-On].mp4
2026/01/28,【仮面ライダーアインズ withガールズリミックス】「Red Re-born」[TM][Do As Infinity][2tr Off-On].mp4
2026/01/28,【ブルーアーカイブ】「憧れの日々」[IM][フウカ][2tr Off-On].mp4
2026/01/28,火喰鳥 羽州ぼろ鳶組 (off-UVRchorus-on) 陽炎【大泉洋】.mp4
2026/01/28,【宇宙のステルヴィア】「奇跡のring」[IM][angela][2tr Off-On].mp4
2026/01/27,【ブルーアーカイブ】「一日一惡★レッツゴー！」[IM][アル・ムツキ・カヨコ・ハルカ][2tr Off-On].mp4
2026/01/27,【ブルーアーカイブ】「コントロールできない感情という変数」[IM][ユウカ][2tr Off-On].mp4
2026/01/27,【メダリスト 2nd Season ED】 Rookies(cut&コーラス入-on) ／ Conton Candy_けんちぃ_1152.mp4
2026/01/27,電子戦隊デンジマン 挿入歌_ゴーゴーデンジタイガー_成田賢、こおろぎ'73_2CH_画質UP版.mp4
2026/01/27,【メダリスト 2nd Season OP】 Cold Night(cut&コーラス入-on) ／ HANA_けんちぃ_1151.mp4
2026/01/27,地に還る~on the Earth~ (cut) Starship Operators【KOTOKO】.mp4
2026/01/27,[アイドリッシュセブン] Period Color (LIVE=2022)(Off，On)／Re：vale.mp4
2026/01/27,特捜エクシードラフト 挿入歌_LAST FIGHTER_宮内タカユキ_2CH_画質UP版.mp4
2026/01/27,【CHOPPER’s】「トニートニートニーチョッパー」[Op][ももすももす][On-Off][アニメ][加古]※MV.mp4
2026/01/27,いっこにこにこ／ジャヒー（大橋彩香）、ドゥ（久野美咲）、アーリマン（大塚明夫）／魔王の娘は優しすぎる!! (MVC-On-Off) 【パート分け】.mp4
2026/01/27,【ひげを剃る。そして女子高生を拾う。】[OP]おもいでしりとり（パート分け）／DIALOGUE＋〔On-Off〕.mp4
2026/01/26,ヘルモード ～やり込み好きのゲーマーは廃設定の異世界で無双する～ (off-UVRchorus-on) ハク※あたらよ MV.mp4
2026/01/26,お気楽領主の楽しい領地防衛 ～生産系魔術で名もなき村を最強の城塞都市に～ (off-UVRchorus-on) Make it※大渕野々花 MV.mp4
2026/01/26,ブルースワット (BLUE SWAT) 挿入歌_出発(たびだち)のサイン_前田達也_2CH_画質UP版.mp4
2026/01/26,FACE(Ai off vocal のみ)【アニぱら107・影山ヒロノブ(ニコカラ)】.mp4
2026/01/26,【異世界魔王と召喚少女の奴隷魔術Ω】 [ED] YOU YOU YOU／芹澤優 with DJ KOO MOTSU ※パート分け有 bb260 (On-Off).mp4
2026/01/26,スペシャル番組_スーパー戦隊最強バトル!!_主題歌_最強最高SUPER STARS!_NoB_2CH.mp4
2026/01/26,[Ex-Otogibanashi／かぐや(夏吉ゆうこ) & 月見ヤチヨ(早見沙織)]超かぐや姫！[on-off].mp4
2026/01/26,ウルトラマンパワード ED_この宇宙のどこかに_前田達也_2CH.mp4
2026/01/26,【夢の星のボタンノーズ】『ED』[ベーッ！]「まさごろ」(On-Off)(百合川).mp4
2026/01/26,【夢の星のボタンノーズ】『OP』[KISSをさせてよ！]「まさごろ」(On-Off)(百合川).mp4
2026/01/26,ハイスクール！奇面組 (off-UVRchorus-on) ステキッ!!※離婚伝説 MV.mp4
2026/01/25,光戦隊マスクマン_ショットボンバー全力集中_影山ヒロノブ・こおろぎ'73・SHINES_2CH.mp4
2026/01/25,【アニメーションMV】エガクミライ／MyGO!!!!!.mp4
2026/01/25,君と出会えた季節 (cut) とらいあんぐるハート3~Sweet Songs Forever~【MELL】.mp4
2026/01/25,【姫様“拷問”の時間です】 [OP] Sunday Morning／ILLIT ※パート分け有 bb259 (On-Off).mp4
2026/01/25,[羅小黒戦記]ED Pastoral (アニメ)(Off，On)／Aimer.mp4
2026/01/25,【神様はじめました◎】おとといおいで／ハナエ［on-cut］.mp4
2026/01/25,【学園アイドルマスター】 [IN] Fighting My Way／花海咲季 bb258 (On-Off).mp4
2026/01/25,[拷問バイトくんの日常]ED 明日天気になぁれ (アニメ)(Off，On)／寺島拓篤.mp4
2026/01/25,【神様はじめました◎】神様の神様／ハナエ［on-off］.mp4
2026/01/25,【機動戦士Gundam GQuuuuuuX】［ED］もうどうなってもいいや／星街すいせい（On-Semi-Mvc-Cut）※ver3.1・最終話まで.mp4
2026/01/25,特救指令ソルブレイン 挿入歌_出動!ソルブレイン_宮内タカユキ_2CH_画質UP版.mp4
2026/01/25,【異修羅 Season 2 OP】 True Peak(cut&コーラス入-off-on)_修正版 ／ 前島麻由_けんちぃ_901.mp4
2026/01/25,【うるわしの宵の月】「アザレアの風」[Ed][UNISON SQUARE GARDEN][On-Off][アニメ][加古].mp4
2026/01/24,太陽戦隊サンバルカン 挿入歌_輝け!サンバルカン_水木一郎・こおろぎ'73・ゆりかご会_2CH_OFF改.mp4
2026/01/24,【22／7】【ナナオン】永遠はいらない／ChouChou(on-cut)hossy_016.mp4
2026/01/24,「名もなきヒーロー」9mm Parabellum Bullet【オフボーカル・コーラス入り】.mp4
2026/01/24,「Invincible Fighter」RAISE A SUILEN【オフボーカル・コーラス入り】.mp4
2026/01/24,【推しの子】 第3期 (off-UVRchorus-on) セレナーデ※なとり MV.mp4
2026/01/24,[拷問バイトくんの日常]OP GO GO PARADISE!! (アニメ)(Off，On)／GRANRODEO.mp4
2026/01/24,透明男と人間女 ～そのうち夫婦になるふたり～ (off-UVRchorus-on) Ding-dong※阿部真央 MV.mp4
2026/01/24,【呪術廻戦】 [ED] よあけのうた／jo0ji bb257 (On-Off).mp4
2026/01/24,【転生したらドラゴンの卵だった ED】 Sky Clipper(cut&コーラス入-off-on)_パート分け ／ 導凰&朔雀_けんちぃ_1150.mp4
2026/01/24,【呪術廻戦】 [OP] AIZO／King Gnu bb256 (On-Off).mp4
2026/01/23,【最強の王様、二度目の人生は何をする？ Season 2 ED】 二つの道(cut&コーラス入-on) ／ 22／7_けんちぃ_1201.mp4
2026/01/23,「傷だらけの王者」MISIA & Rockon Social Club【オフボーカル・コーラス入り】.mp4
2026/01/23,死亡遊戯で飯を食う (off-UVRchorus-on) 祈り※藤川千愛 MV.mp4
2026/01/23,【魔都精兵のスレイブ2】[OP]光よ、僕に。(on-off)_TV放送Ver.／鬼頭明里.mp4
2026/01/23,[Realize／鈴木このみ]Anison Collection[on-off].mp4
2026/01/23,[Redo／鈴木このみ]Anison Collection[on-off].mp4
2026/01/23,[NEVER-END TALE／小林竜之＆鈴木このみ]FAIRY TAIL[on-off].mp4
2026/01/23,【魔王の娘は優しすぎる】「We Can Do!!」[OP][石原夏織][2tr Off-On].mp4
2026/01/23,魔王の娘は優しすぎる!! (off-UVRchorus-on) イタズラタイム【ドゥ（CV：久野美咲）サティ（CV：伊藤彩沙）】※第３話 挿入歌 二人パート分けあり アニメ公式 MV.mp4
2026/01/23,「Chessboard（Live Ver.）」Official髭男dism【オフボーカル・コーラス入り】.mp4
2026/01/23,【正反対な君と僕 OP】 メガネを外して(cut&コーラス入-on) ／ 乃紫_けんちぃ_1159.mp4
2026/01/23,幼馴染とはラブコメにならない (off-UVRchorus-on) あまのじゃく【小玉ひかり】※Ver2.mp4
2026/01/22,葬送のフリーレン 第2期 (off-UVRchorus-on) lulu.※Mrs. GREEN APPLE MV.mp4
2026/01/22,【推しの子】 [ED] セレナーデ／なとり bb255 ※漫画MAD＋EDMV  (On-Off).mp4
2026/01/22,【MFゴースト】TIMELESS POWER ※TV size 2期OP(off-UVRコーラス入-on) ／ 芹澤優 feat.MOTSU .mp4
2026/01/22,【推しの子】 [OP] TEST ME／ちゃんみな bb254 (On-Off).mp4
2026/01/22,「On the Highway」SI-VIS【オフボーカル・コーラス入り】.mp4
2026/01/22,【幼馴染とはラブコメにならない】[ED]あまのじゃく／小玉ひかり(On-Cut)【naoo】.mp4
2026/01/22,【葬送のフリーレン】 [ED] The Story of Us／milet bb253 (On-Off).mp4
2026/01/22,【地獄楽 第二期】［OP］かすかなはな／キタニタツヤ featuring BABYMETAL（On-Semi-Mvc-Cut）※アニメ映像ver1.2・1話＋番線映像・パート分け有り.mp4
2026/01/22,【青のミブロ—芹沢暗殺編—】[ED]泡沫(on-off)／崎山蒼志.mp4
2026/01/22,【転生したらドラゴンの卵だった】「Gliding Claw」[OP][Sizuk][2tr Off-On].mp4
2026/01/22,【正反対な君と僕】「メガネを外して」[OP][乃紫][2tr Off-On].mp4
2026/01/22,【おにいさまへ…】「黄金の器　銀の器」[OP][高田さとみ][2tr Off-On].mp4
2026/01/22,【最終楽章 響け！ユーフォニアム】「ToCoda」[TM][TRUE][2tr Off-On].mp4
2026/01/22,【ホロライブ】「あいあいあいあい♡あいらぶゆー」[IM][ホロライブ３期生][2tr Off-On].mp4
2026/01/22,ヘルモード ～やり込み好きのゲーマーは廃設定の異世界で無双する～ (off-UVRchorus-on) Sanctuary※花耶 MV.mp4
2026/01/21,【超人高校生たちは異世界でも余裕で生き抜くようです！】はじめてのかくめい！～ぼくたちのなかよしらいぶver（パート分け）／DIALOGUE＋.mp4
2026/01/21,【スカイクロラ】[ED]今夜も星に抱かれて・・・／絢香(On-Off).mp4
2026/01/21,実相寺昭雄監督作品 ウルトラマン 主題歌_ウルトラマンの歌_ささきいさお、コロムビアゆりかご会_2CH.mp4
2026/01/21,【最終楽章 響け!ユーフォニアム】ToCoda／TRUE(vc-on).mp4
2026/01/21,特救指令ソルブレイン 挿入歌_母艦ソリッドステイツ-1_宮内タカユキ_2CH.mp4
2026/01/21,「Smile Again」Skoop On Somebody【オフボーカル・コーラス入り】.mp4
2026/01/21,【結城友奈は勇者である 花結いのきらめき】ハナユイ※二人用｜(Cut-On)｜結城友奈，鷲尾須美，乃木若葉，楠芽吹，秋原雪花，古波蔵棗｜ギン.mp4
2026/01/21,【結城友奈は勇者である -大満開の章-】キボウノツボミ※検閲済｜(cut-on)｜乃木若葉，上里ひなた，高嶋友奈，郡千景，土居球子，伊予島杏｜ギン.mp4
2026/01/21,【結城友奈は勇者である】○△□※パート分け、ちょろい｜(Cut-On)｜結城友奈(照井春佳)，三好夏凜(長妻樹里)｜ギン.mp4
2026/01/21,【結城友奈は勇者である】祈りの歌｜(Cut-On)｜犬吠埼樹(黒沢ともよ)｜ギン.mp4
2026/01/21,【結城友奈は勇者である】憧憬｜(Cut-On)｜犬吠埼樹(黒沢ともよ)｜ギン.mp4
2026/01/21,[かたち／安月名莉子]メイドインアビス 烈日の黄金郷[on-off].mp4
2026/01/21,【ゴールデンカムイ 最終章】[OP]黄金の彼方(on-off)_パート分け／Awich × ALI.mp4
2026/01/21,【カヤちゃんはコワくない】「まぼろしの行方」[OP][ヰ世界情緒][2tr Off-On].mp4
2026/01/21,貴族転生 ～恵まれた生まれから最強の力を得る～ (off-UVRchorus-on) 出逢ってしまったから【アリーチェ（CV：橘杏咲）】※第２話 挿入歌.mp4
2026/01/21,【転生したらドラゴンの卵だった OP】 Gliding Claw(cut&コーラス入-off-on) ／ Sizuk feat.AYAME_けんちぃ_1149.mp4
2026/01/20,アルネの事件簿 (off-UVRchorus-on) Q.E.D.※Sou MV.mp4
2026/01/20,「miles」柚木みいな【オフボーカル・コーラス入り】.mp4
2026/01/20,「希望の丘」King & Prince【オフボーカル・コーラス入り】.mp4
2026/01/20,radiance (cut) Starship Operators【川田まみ】.mp4
2026/01/20,あーだこーだそーだ！【アオイホノオ(ドラマ)・ウルフルズ】.mp4
2026/01/20,NISAR【ゲッターロボ號・水木一郎(ニコカラ)】.mp4
2026/01/20,穏やか貴族の休暇のすすめ。 (off-UVRchorus-on) Gypso【牧島輝】※アニメ公式 MV.mp4
2026/01/20,【セキレイ~Pure Engagement~】「Change the World」[IN][早見沙織][2tr Off-On].mp4
2026/01/20,勇者のクズ (off-UVRchorus-on) GUN POWDER※TOOBOE MV.mp4
2026/01/20,花ざかりの君たちへ (off-UVRchorus-on) アドレナ【YOASOBI】.mp4
2026/01/20,29歳独身中堅冒険者の日常 (off-UVRchorus-on) 君が灯してくれた光を今【HoneyWorks feat.Hanon】.mp4
2026/01/20,【綺麗にしてもらえますか。】 [ED] 若葉のころ／清浦夏実 bb252 (On-Off).mp4
2026/01/20,【29歳独身中堅冒険者の日常 OP】 君が灯してくれた光を今(cut&コーラス入-off-on)_第1話ED版 ／ HoneyWorks feat.Hanon_けんちぃ_1138.mp4
2026/01/20,劇場版 ウルトラ6兄弟VS怪獣軍団 主題歌_ぼくらのウルトラマン_ささきいさお・コロムビアゆりかご会_2CH_画質UP版.mp4
2026/01/19,【綺麗にしてもらえますか。】 [OP] 綺麗。／ゆう。 ※OP、PV、公式漫画PVカクテル bb251 (On-Off).mp4
2026/01/19,【銀魂】(ED3)雪のツバサ｜(Chor-On-Cut)｜redballoon｜ギン.mp4
2026/01/19,劇場版 ウルトラマン物語(ストーリー) 主題歌_ウルトラマン物語 -星の伝説-_水木一郎、こおろぎ'73_2CH_画質UP版.mp4
2026/01/19,【魔法科高校の劣等生】燦然RELOADED／早見沙織日笠陽子(on-off)※パート分けhossy_008.mp4
2026/01/19,【ワンワン三銃士】「そういうお主は」[Ed][日下まろん][On-Off][アニメ][芝ちゃん].mp4
2026/01/19,【うるわしの宵の月】「うるわし」[Op][UNISON SQUARE GARDEN][On-Off][アニメ][加古].mp4
2026/01/19,穏やか貴族の休暇のすすめ。 (off-UVRchorus-on) うっすら【直田姫奈】※アニメ公式 MV.mp4
2026/01/19,【違国日記】 [ED] 言伝／Bialystocks  bb250 (On-Off).mp4
2026/01/19,「お前ごときが魔王に勝てると思うな」と勇者パーティを追放されたので、王都で気ままに暮らしたい (off-UVRchorus-on) I need【田中有記】.mp4
2026/01/19,魔都精兵のスレイブ2 (off-UVRchorus-on) Cipher Cipher【花澤香菜】※ED1.mp4
2026/01/19,かぐや様は告らせたい 大人への階段 (off-UVRchorus-on) 赤と青【四宮かぐや（CV：古賀葵）】※2025 大晦日放送(上下) ED.mp4
2026/01/19,エリスの聖杯 (off-UVRchorus-on) カメリア【田村ゆかり】.mp4
2026/01/19,【エリスの聖杯 OP】 Happy Ever After feat.由薫(cut&コーラス入-on)_パート分け ／ 鷲尾伶菜_けんちぃ_1147.mp4
2026/01/19,【エリスの聖杯 ED】 カメリア(cut&コーラス入-on) ／ 田村ゆかり_けんちぃ_1148.mp4
2026/01/19,【違国日記】 [OP] ソナーレ／TOMOO bb249 (On-Off).mp4
2026/01/18,【葬送のフリーレン 2nd Season ED】 The Story of Us(cut&コーラス入-on) ／ milet_けんちぃ_1145.mp4
2026/01/18,【公式パロ】 black pepper!!／nomico ※マクドナルドCM badappleの公式パロ bb248 (On-Off).mp4
2026/01/18,【Fate／strange Fake】 [op] PROVANT／SawanoHiroyuki[nZk] Jean-Ken Johnny&TAKUMA ※パート分け有 bb247 (On-Off).mp4
2026/01/18,ハヌマーンと5人の仮面ライダーMAD_セタップ! 仮面ライダーＸ カヴァー版_池田鴻_2CH_画質UP版.mp4
2026/01/18,人造人間キカイダー OP_ゴーゴー・キカイダー カヴァー版_子門真人・ヤング・フレッシュ_2CH.mp4
2026/01/18,【29歳独身中堅冒険者の日常】君が灯してくれた光を今／HoneyWorks feat.Hanonl(on-cut)..mp4
2026/01/18,【勇者のクズ】-TOOBOE-GUN POWDER(cut-on).mp4
2026/01/18,【Fate／strange Fake】 [ED] 潜在的なアイ／13．3g bb246  (On-Off).mp4
2026/01/18,【エリスの聖杯_2人パート分け】[OP]／Happy Ever After feat. 由薫／鷲尾伶菜／On-Off.mp4
2026/01/18,【かぐや様は告らせたい 大人への階段】 [ED] 赤と青／四宮かぐや（古賀葵） bb245 (On-Off).mp4
2026/01/18,魔法使いの日記 (シャンピニオンの魔女_OP MV) ロス (2ch_vc_on).mp4
2026/01/18,【SI-VIS The Sound of Heroes】[ED]FRIENDS ＆ SMILE(on-off)_パート分け_2パート_第12話まで ／SI-VIS.mp4
2026/01/18,【花ざかりの君たちへ ED】 BABY(cut&コーラス入-on) ／ YOASOBI_けんちぃ_1143.mp4
2026/01/18,【葬送のフリーレン 2nd Season OP】 lulu.(cut&コーラス入-on) ／ Mrs. GREEN APPLE_けんちぃ_1144.mp4
2026/01/18,【不機嫌なモノノケ庵 續】「1%」[Ed][ウォルピスカーター][On-Off][アニメ][芝ちゃん].mp4
2026/01/18,君の隣は空気が美味しい (off) 29歳独身中堅冒険者の日常.mp4
2026/01/18,カードファイト ヴァンガード Divinez 幻真星戦編 (off-UVRchorus-on) ギラギラ※RealRomantic MV.mp4
2026/01/18,ダーウィン事変 (off-UVRchorus-on) Make Me Wonder【Official髭男dism】.mp4
2026/01/18,アルネの事件簿 (off-UVRchorus-on) 人形の街※小林私 MV.mp4
2026/01/18,花ざかりの君たちへ (off-UVRchorus-on) BABY※YOASOBI MV.mp4
2026/01/17,【告白実行委員会シリーズ】今、恋がはじまれ。 feat. 望月あずき（CV：高橋李依／HoneyWorks(ON-CUT).mp4
2026/01/17,まぼろしの行方／カヤちゃんはコワくない／ヰ世界情緒.mp4
2026/01/17,【葬送のフリーレン】The Story of Us ※2期ED (off-UVRコーラス入-on) ／milet .mp4
2026/01/17,キカイダー01(ゼロワン) OP_キカイダー01_子門真人_2CH_画質UP版.mp4
2026/01/17,【アルネの事件簿】[ED]人形の街／小林私(On-Cut)【naoo】.mp4
2026/01/17,【ちゅーぶら!!】[OP]Choose Bright!!(on-off)／葉山奈由(CV 茅原実里)、神宮寺弥子(CV 寿美菜子)、白石遥(CV 矢作紗友里)、天原清乃(CV 日笠陽子).mp4
2026/01/17,【ゲーソン MV＋ゲーム内MVmix】見て【有村麻央 (CV. 七瀬つむぎ)】【2tr on-off】【学園アイドルマスター】【STEP3】.mp4
2026/01/17,【29歳独身中堅冒険者の日常 ED】 君の隣は空気が美味しい feat.Kotoha(cut&コーラス入-off-on) ／ MARUMOCHI from HoneyWorks_けんちぃ_1142.mp4
2026/01/17,ダーウィン事変 (off-UVRchorus-on) Make Me Wonder※Official髭男dism MV.mp4
2026/01/17,【メジャー】「トワイライトスター」[Ed][メガマソ][On-Off][アニメ][芝ちゃん].mp4
2026/01/17,魔都精兵のスレイブ2 (off-UVRchorus-on) Cipher Cipher※花澤香菜 MV.mp4
2026/01/16,【ラノオト】2000年代ライトノベル×『空色デイズ』／中川翔子［on-cut］.mp4
2026/01/16,【みなみけ ただいま】みなみけのみなうた（スペシャルムービーVer）／みなみけのみなさん［on-cut］.mp4
2026/01/16,UFO大戦争 戦え! レッドタイガー ED_出撃！レッドタイガーの詩_ささきいさお、コロムビアゆりかご会_2CH_画質UP版.mp4
2026/01/16,【プリンセッション・オーケストラ】「BALEFIRE」[Im][識辺かがり(CV.藤本侑里)][On-Off][アニメ][加古].mp4
2026/01/16,【魔都精兵のスレイブ2】[ED]Cipher Cipher／花澤香菜(On-Cut)【naoo】.mp4
2026/01/16,【透明男と人間女～そのうち夫婦になるふたり～】[ED]星眼鏡／石原夏織(On-Cut)【naoo】.mp4
2026/01/16,【PT_ピリオド OP主題歌】永遠の存在者／pigstar_MV＆OP_v1【ON-cut】.avi
2026/01/16,TRIGUN STARGAZE (off-UVRchorus-on) ピカレスクヒーロー【ano】.mp4
2026/01/16,逮捕しちゃうぞ SECOND SEASON (off-UVRchorus-on) Starting UP【松田樹利亜】※最終話まで.mp4
2026/01/16,魔王の娘は優しすぎる!! (off-UVRchorus-on) きみはゆきだるま【ドゥ（CV：久野美咲）】※第２話 挿入歌 アニメ公式 MV.mp4
2026/01/16,魔術師クノンは覚えている (off-UVRchorus-on) ラケナリアの夢【ヰ世界情緒】.mp4
2026/01/16,不滅のあなたへ Season3 (off-UVRchorus-on) ふめつのあなた【Perfume】※１クール目 １３話まで.mp4
2026/01/16,エリスの聖杯 (off-UVRchorus-on) カメリア※田村ゆかり MV.mp4
2026/01/16,【勇者刑に処す】[OP]／Kill the Noise(1話フル編集)／SPYAIR／On-Of.mp4
2026/01/16,勇者パーティを追い出された器用貧乏 (off-UVRchorus-on) シルベ※常闇トワ MV.mp4
2026/01/16,29歳独身中堅冒険者の日常 (off-UVRchorus-on) 君が灯してくれた光を今※HoneyWorks feat.Hanon MV.mp4
2026/01/15,【SANDA】「ダイアリー」[Ed][崎山蒼志][On-Off][アニメ][芝ちゃん].mp4
2026/01/15,UFO大戦争 戦え! レッドタイガー OP_戦え! レッドタイガー_ささきいさお、コロムビアゆりかご会_2CH_画質UP版.mp4
2026/01/15,SF映画 宇宙からのメッセージ MAD_勇者よ 銀河を渡れ_ささきいさお、コロムビア男声合唱団_2CH.mp4
2026/01/15,戰鬥男孩(広東語)【機動武闘伝Gガンダム・葉富生(ニコカラ)】.mp4
2026/01/15,Get No Satisfied!【ワンパンマン(LIVE)・JAM Project【パート分け】(ニコカラ)】.mp4
2026/01/15,ラケナリアの夢／魔術師クノンは見えている／ヰ世界情緒.mp4
2026/01/15,【セキレイ~Pure Engagement~】「おんなじきもち」[ED][早見沙織・井上麻里奈・花沢香菜・遠藤綾][2tr Off-On].mp4
2026/01/15,TRIGUN STARGAZE (off-UVRchorus-on) ピカレスクヒーロー※ano MV.mp4
2026/01/15,【9-nine- Ruler’s Crown】「ResoNAnce」[Op][あらき][On-Off][アニメ][芝ちゃん].mp4
2026/01/15,【Fate／strange Fake】 [op] PROVANT／SawanoHiroyuki[nZk] Jean-Ken Johnny&TAKUMA ※パート分け無し bb244  (On-Off).mp4
2026/01/15,citrus (off-UVRchorus-on) アザレア【nano.RIPE】※わたしが恋人になれるわけないじゃん、ムリムリ！（※ムリじゃなかった！？） MAD 動画作成者 サバ缶さん.mp4
2026/01/14,【THE IDOLM@STER CINDERELLA GIRLS STARLIGHT MASTER PLATINUM NUMBER 10 全開！ミラクルアドベンチャー！】 [IN] 恋／前川みく ※星野源カバー bb243 (On-Off).mp4
2026/01/14,【悪役令嬢は隣国の王太子に溺愛される】OP＿愛のファンファーレ／高垣彩陽 feat. 城田優[on-off-ハーフ]※パート分け.mp4
2026/01/14,【かくりよの宿飯 弐】とおりゃんせ／東山奈央(vc-on).mp4
2026/01/14,【不滅のあなたへ】「ふめつのあなた」[Op][Perfume][On-Off][アニメ][芝ちゃん].mp4
2026/01/14,「寄り道」佐々木李子【オフボーカル・コーラス入り】.mp4
2026/01/14,【シャンピニオンの魔女】魔法使いの日記 ※OP修正版 耳コピ呪文入(off-UVRコーラス入-on) ／ロス.mp4
2026/01/14,【とある科学の超電磁砲】「LEVEL5-judgelight-」[OP2][fripSide][2tr Off-On].mp4
2026/01/14,アブナイキオク／鈴木雅之 feat. 古賀葵／かぐや様は告らせたい 大人への階段 (MVC-On-Off) 【パート分け】.mp4
2026/01/14,「お前ごときが魔王に勝てると思うな」と勇者パーティを追放されたので、王都で気ままに暮らしたい (off-UVRchorus-on) I need※田中有記 MV.mp4
2026/01/14,【幼馴染とはラブコメにならない】 [op] あいらびゅ♡／HoneyWorks meets 久住琳 芹澤優 平塚紗依 山本悠有希 ※パート分け有耳コピ bb242 (On-Off).mp4
2026/01/14,【魔王の娘は優しすぎる！！】『OP』[We Can Do!!]「石原夏織」(On-Off)(百合川).mp4
2026/01/14,【人外教室の人間嫌い教師 OP】 ニンゲン(cut&コーラス入-on) ／ オーイシマサヨシ_けんちぃ_1141.mp4
2026/01/13,【白豚貴族ですが前世の記憶が生えたのでひよこな弟育てます】「口直し」[Op][和ぬか][On-Off][アニメ][芝ちゃん].mp4
2026/01/13,【勇者パーティーにかわいい子がいたので、告白してみた。】『ED』[YES！サマーラブ]「櫻井もも　小澤愛実　野口衣織」(On-Off)(百合川)／パート分けあり.mp4
2026/01/13,【地獄楽 2nd Season OP】 かすかなはな(cut&コーラス入-on)_パート分け ／ キタニタツヤ feat.BABYMETAL_けんちぃ_1139.mp4
2026/01/13,【私を喰べたい、ひとでなし】贄-nie-／吉乃(vc-on).mp4
2026/01/13,シャンピニオンの魔女 (off-UVRchorus-on) 魔法使いの日記※ロス MV.mp4
2026/01/13,デブとラブと過ちと! (off-UVRchorus-on) 私でよかった!!!【内田雄馬】※最終話まで.mp4
2026/01/13,ちびまる子ちゃん (off-UVRchorus-on) おどるポンポコリン【Ado】※第２期 OP14 2025 12／28 第1512話～以降配信.mp4
2026/01/13,【シャンピニオンの魔女】 [ed] 君は／Ms OOJA bb241 (On-Off).mp4
2026/01/12,「惑星ダブリス（Live Ver.）」toybee【オフボーカル・コーラス入り】.mp4
2026/01/12,【忍者と極道】『ED』[Until You Die Out]「Fear， and Loathing in Las Vegas」(On-Off)(百合川).mp4
2026/01/12,【劇場版 うたの☆プリンスさまっ♪ TABOO NIGHT XXXX】[LIVE]TABOO NIGHT XXXX（パート分け）／QUARTET NIGHT〔MVC-On-Off〕.mp4
2026/01/12,【どうせ、恋してしまうんだ。】「願いごと」[Ed][マルシィ][On-Off][アニメ][芝ちゃん].mp4
2026/01/12,【無職の英雄～別にスキルなんか要らなかったんだが～】Reincarnation／花耶(off-on).mp4
2026/01/12,魔術師クノンは覚えている (off-UVRchorus-on) ラケナリアの夢※ヰ世界情緒 MV.mp4
2026/01/11,君が灯してくれた光を今 (off) 29歳独身中堅冒険者の日常.mp4
2026/01/11,救急戦隊ゴーゴーファイブ 挿入歌_超巨大ロボ!! グランドライナー_石原慎一_2CH_画質UP版.mp4
2026/01/11,魔弾戦記リュウケンドー OP1_魔弾戦記リュウケンドー_きただにひろし_2CH_画質UP版.mp4
2026/01/11,仮面ライダーエグゼイド 主題歌_EXCITE_三浦大知_2CH_画質UP版.mp4
2026/01/11,おしえて／アルプスの少女ハイジ／伊集加代子.mp4
2026/01/11,【シャンピニオンの魔女】 [op] 魔法使いの日記／ロス ※呪文は耳コピ（検証中） bb240 (On-Off).mp4
2026/01/11,【わたしが恋人になれるわけないじゃん、ムリムリ!(※ムリじゃなかった！？) ～ネクストシャイン！～】[ED]ディア・マイ・スペシャル・プレシャス・マーベラス・スウィート・ダーリンズ(パート分け有 1クールアニメ+本編予告)／クインテット〔MVC-On-Off〕.mp4
2026/01/11,【劇場版総集編 ガールズバンドクライ】 [op] もう何もいらない未来／トゲナシトゲアリ bb239 (On-Off).mp4
2026/01/11,超力戦隊オーレンジャー 挿入歌_虹色クリスタルスカイ_速水けんたろう_2CH_画質UP版.mp4
2026/01/10,「#かなエルMagic！ feat. 井上正大（アニメ映像）」The Folie Phantom【オフボーカル・コーラス入り】.mp4
2026/01/10,【とんでもスキルで異世界放浪メシ2】yummy goodday／CENT(vc-on).mp4
2026/01/10,「#かなエルMagic！ feat. 井上正大（PV映像）」The Folie Phantom【オフボーカル・コーラス入り】.mp4
2026/01/10,草原のマルコ／母をたずねて三千里／大杉久美子.mp4
2026/01/10,「Daylight -デイライト-（Live Ver.）」Morfonica【オフボーカル・コーラス入り】.mp4
2026/01/10,【勇者パーティを追い出された器用貧乏 OP】 シルベ(cut&コーラス入-on) ／ 常闇トワ_けんちぃ_1137.mp4
2026/01/10,【勇者パーティーにかわいい子がいたので、告白してみた。 OP】 Lavish!!(cut&コーラス入-on) ／ 吉乃_けんちぃ_1134.mp4
2026/01/10,【最後にひとつだけお願いしてもよろしいでしょうか】「戦場の華」[OP][CHiCO with HoneyWorks][2tr Off-On].mp4
2026/01/10,【ホロライブ】「シルベ」[IM][常闇トワ][2tr Off-On].mp4
2026/01/10,【かくりよの宿飯】涙のレシピ×ひと匙の光 ※2期3話ED(on-off) ／津場木葵(CV.東山奈央)大旦那(CV.小西克幸).mp4
2026/01/10,劇場版 宇宙からのメッセージ 銀河大戦 主題歌_勇者よ 銀河を渡れ_ささきいさお、コロムビア男声合唱団_2CH.mp4
2026/01/10,花ざかりの君たちへ (off-UVRchorus-on) アドレナ※YOASOBI MV.mp4
2026/01/10,【綺麗にしてもらえますか。 ED】 若葉のころ(cut&コーラス入-on) ／ 清浦夏実_けんちぃ_1136.mp4
2026/01/10,【プリンセスコネクト! Re：Dive】「Lost Princess(アニメ版)」[OP][ペコリーヌ(M・A・O)・コッコロ(伊藤美来)・キャル(立花理香)][2tr Off-On].mp4
2026/01/10,【PT_True Colors OP主題歌】コントラスト／夢乃ゆき_v1【ON-cut】.avi
2026/01/09,【ブレンド・Ｓ】デタラメなマイナスとプラスにおけるブレンド考／ブレンド・A.mp4
2026/01/09,【綺麗にしてもらえますか。 OP】 綺麗。(cut&コーラス入-on) ／ ゆう。_けんちぃ_1135.mp4
2026/01/09,【笑顔のたえない職場です。】絶対称賛！(パート分け)(ver3)／HoneyWorks feat.ハコニワリリィ[on-cut].mp4
2026/01/09,【ひなこのーと】かーてんこーる!!!!!(パート分け)(ver3)／劇団ひととせ(M・A・O、富田美憂、小倉唯、東城日沙子、高野麻里佳)[on-cut].mp4
2026/01/09,幼馴染とはラブコメにならない (off-UVRchorus-on) あまのじゃく※小玉ひかり MV.mp4
2026/01/09,【最後にひとつだけお願いしてもよろしいでしょうか】戦場の華／CHiCO with HoneyWorks(off-on).mp4
2026/01/09,魔王の娘は優しすぎる!! (off-UVRchorus-on) たのしいかくれんぼ【ドゥ（CV：久野美咲）】※第１話 挿入歌 アニメ公式 MV.mp4
2026/01/09,【Summer Pockets】アルカテイル／鈴木このみ(off-on).mp4
2026/01/09,【ダーウィン事変 OP】 Make Me Wonder(cut&コーラス入-on) ／ Official髭男dism_けんちぃ_1133.mp4
2026/01/09,【ちゃんと吸えない吸血鬼ちゃん】線香花火(パート分け)(ver2)／H△G、石川月菜(田中美海)[on-cut].mp4
2026/01/08,キミと越えて恋になる (off-UVRchorus-on) くすぐったい【CHiCO with HoneyWorks】※最終話まで.mp4
2026/01/08,結婚指輪物語Ⅱ (off-UVRchorus-on) Daybreak(feat. AYAME)【Sizuk】※Ver2 完成版 最終話まで(場合によっては作り直し).mp4
2026/01/08,勇者パーティーにかわいい子がいたので、告白してみた。 (off-UVRchorus-on) Lavish!!※吉乃 MV.mp4
2026/01/08,真夜中ハートチューン (off-UVRchorus-on) 月に向かって撃て※星街すいせい MV.mp4
2026/01/08,デブとラブと過ちと! (off-UVRchorus-on) 私でよかった※内田雄馬 MV.mp4
2026/01/08,【ときめきメモリアル】「おサカナになりたい～1000Wに願いを～」[Im][虹野沙希（CV. 菅原祥子）][On-Off][ゲーム][芝ちゃん].mp4
2026/01/08,【無限のフロンティアEXCEED】-水樹奈々-UNCHAIN∞WORLD(cut-on).mp4
2026/01/08,【機動新世紀ガンダムＸ】-ROMANTIC MODE-Resolution(cut-on).mp4
2026/01/08,草原のマルコ(TVサイズ)／母をたずねて三千里／大杉久美子.mp4
2026/01/08,【忍者と極道】『OP』[Sweet Disaster]「MIYAVI」(On-Off)(百合川).mp4
2026/01/08,【プリンセッション・オーケストラ】「キミとわたしであるために」[Im][空野みなも(CV.葵あずさ)][On-Off][アニメ][加古].mp4
2026/01/08,【ホロライブ】「月に向かって撃て」[IM][星街すいせい][2tr Off-On].mp4
2026/01/07,【ひみつのアイプリ】『』[わいるど☆すたー]「八王子ビビ（CV.寺澤百花）　真実夜チィ（CV．大地薫）」(On-Off)(百合川)／ビビ＆チィバージョン.mp4
2026/01/07,【ひみつのアイプリ】『』[わいるど☆すたー]「八王子ビビ（CV.寺澤百花）　真実夜チィ（CV．大地薫）」(On-Off)(百合川).mp4
2026/01/07,[學園文豪ストレイドッグス]OP 魔ガツ夜ハ青ナリ (アプリ他)(Off，On)／GRANRODEO.mp4
2026/01/07,【ログ・ホライズン】「バースデイ・ソング」[In][五十鈴（CV松井恵理子）][On-Off][アニメ][芝ちゃん].mp4
2026/01/07,【桜Trick】[OP]Won Chu Kiss Me!​​(on)_カバー_パート分け_ANIMAX MUSIX 2025 YOKOHAMA／天狼群.mp4
2026/01/07,【魔術師クノンは見えている OP】 ラケナリアの夢(cut&コーラス入-on) ／ ヰ世界情緒_けんちぃ_1131.mp4
2026/01/07,【Vtuber】「ウィマーマ・サーガ」[IM][しぐれうい(9歳)・しぐれいうい(16歳)][2tr Off-On].mp4
2026/01/07,【ひだまりスケッチ×SP】[OP]気まぐれ、じゃんけんポンっ!(on-off)_パート分け ／ゆの（CV.阿澄佳奈）、宮子（CV.水橋かおり）、ヒロ（CV.後藤邑子）、沙英（CV.新谷良子）.mp4
2026/01/06,【3月のライオン】「I AM STANDING」[Ed][RUANN][On-Off][アニメ][芝ちゃん].mp4
2026/01/06,かあさんおはよう／母をたずねて三千里／大杉久美子.mp4
2026/01/06,【神椿】「ラケナリアの夢」[IM][ヰ世界情緒][2tr Off-On].mp4
2026/01/06,【ベイビーステップ】「ベイビーステップ」[Ed][ベイビーレイズ][On-Off][アニメ][芝ちゃん].mp4
2026/01/05,【ひみつのアイプリ】『』[わいるど☆すたー]「八王子ビビ（CV.寺澤百花）」(On-Off)(百合川)／ビビソロバージョン.mp4
2026/01/05,【ひみつのアイプリ】『』[わいるど☆すたー]「八王子ビビ（CV.寺澤百花）」(On-Off)(百合川).mp4
2026/01/05,【ひみつのアイプリ】『』[わたしの大切にしてたこと]「六堂える（CV．川口莉奈）」(On-Off)(百合川).mp4
2026/01/05,「Theater」King & Prince【オフボーカル・コーラス入り】.mp4
2026/01/05,「Be Hero」出口陽【オフボーカル・コーラス入り】.mp4
2026/01/05,【SHOW BY ROCK!!STARS!!】[ED]／星空ライトストーリー／Mashumairesh!!／On-Off.mp4
2026/01/05,「二人はいつでもHappy End」春宮ゆくり(奥村優季) 【オフボーカル・コーラス入り】.mp4
2026/01/05,「他人り事（LIVE Ver.）」Tani Yuuki【オフボーカル・コーラス入り】.mp4
2026/01/05,「他人り事（PV Ver.）」Tani Yuuki【オフボーカル・コーラス入り】.mp4
2026/01/05,【顔に出ない柏田さんと顔に出る太田君】「あまのじゃくヒーロー」[ED][3月のパンタシア][2tr Off-On].mp4
2026/01/05,【学園アイドルマスター】 [IN] 雨上がりのアイリス／Re IRIS（花海咲季・月村手毬・藤田ことね） bb238  (On-Off) .mp4
2026/01/04,明日へ [DUO5] (off) 五等分の花嫁 [ゲーム]五等分のプリンセス～幻想と深淵と魔法学院～.mp4
2026/01/04,DIGIMON BEATBREAK (off-UVRchorus-on) Edge of Limit※やぎたろ。 MV.mp4
2026/01/04,【SPY×FAMILY】灯を護る／スピッツ(vc-on).mp4
2026/01/04,ナイワ【学園アイドルマスター・3年1組】.mp4
2026/01/04,名犬ラッシー (新・名犬ラッシー_OP) 麻生よう子 (2ch_VC_ON) UVR online版.mp4
2026/01/04,【D.C.4 〜ダ・カーポ4〜】「サクラ日和」[Ed][yozuca][On-Off][ゲーム][悠季].mp4
2026/01/04,【メジャーセカンド】「IDENTITY」[Ed][雨のパレード][On-Off][アニメ][芝ちゃん].mp4
2026/01/04,ウルトラマン 劇場版シリーズ MAD_ウルトラの奇跡_Project D.M.M._2CH_画質UP版.mp4
2026/01/04,ねえ! ムーミン (新ムーミン_OP) 藤田淑子 (2ch_VC_ON) UVR online版.mp4
2026/01/04,【メジャーセカンド】「One」[Ed][SHE'S][On-Off][アニメ][芝ちゃん].mp4
2026/01/04,【顔に出ない柏田さんと顔に出る太田君】「百面相」[OP][はしメロ][2tr Off-On].mp4
2026/01/04,ぼっち・ざ・ろっく！ (off-UVRchorus-on) 星座になれたら【結束バンド】※LIVE STAGE「ぼっち・ざ・ろっく！」2024 PARTⅡ 秀華祭 千秋楽公演 in THEATER MILANO-Za.mp4
2026/01/04,【学園アイドルマスター】 [IN] starmine／Begrazia(十王星南・秦谷美鈴・花海佑芽) ※パート分け有・公式MVとダンスMV bb237 (On-Off).mp4
2026/01/04,【プリンセッション・オーケストラ】「いつも心にながせを☆彡」[Im][一条ながせ(CV.橘杏咲)][On-Off][アニメ][加古].mp4
2026/01/03,【ハイキュー!!】 [op] イマジネーション／SPYAIR ※公式漫画MADカクテル bb236 (On-Off).mp4
2026/01/03,【忘却バッテリー】 [op] ライラック／Mrs. GREEN APPLE(on-off) ※いろんなアニメの複合MAD ytbママ_bb235 (On-Off).mp4
2026/01/03,Hero too／僕のヒーローアカデミア／耳郎響香 Starring Chrissy Costanza.mp4
2026/01/03,【機動戦士ガンダム 水星の魔女】-yama-slash(cut-on)最終話まで.mp4
2026/01/03,【スキップとローファー】 [op] メロウ／須田景凪 bb234 (On-Off).mp4
2026/01/03,【デッドマウント・デスプレイ】 [ed] アイオライト／水瀬いのり bb233 (On-Off).mp4
2026/01/03,【デッドマウント・デスプレイ】 [op] スクラップアート／水瀬いのり bb232 (On-Off).mp4
2026/01/03,【アイドルマスターシンデレラガールズ】[IM]Nocturne／高垣楓 CV早見沙織、川島瑞樹 CV東山奈央(On-Cut)※LIVE映像(4thLIVE TriCastle Story)、パート分け有り【naoo】.mp4
2026/01/03,【アイドルマスターシンデレラガールズ】[IM]Happy New Yeah!／島村卯月、渋谷凛、本田未央、佐藤心、三村かな子(On-Cut)※LIVE映像(6thLIVE MERRY-GO-ROUNDOME!!!)、パート分け無し【naoo】.mp4
2026/01/03,【わたしが恋人になれるわけないじゃん、ムリムリ!(※ムリじゃなかった!)】 [op] ムリムリ進化論／ナナオアカリ ※OPとMVと17話一部差し込み bb231 (On-Off).mp4
2026/01/02,よろしくチューニング (よろしくメカドック_OP) STR!X (2ch_VC_ON) UVR online版.mp4
2026/01/02,かぐや様は告らせたい 大人への階段 (off-UVRchorus-on) heart notes【鈴木愛理】※2025 大晦日放送(下) 挿入歌.mp4
2026/01/02,SPY×FAMILY Season 3 (off-UVRchorus-on) Actor【幾田りら】※Ver2 アニメ公式 MV.mp4
2026/01/02,かぐや様は告らせたい-ファーストキッスは終わらない- (off-UVRchorus-on) heart notes※鈴木愛理 MV.mp4
2026/01/02,【異世界かるてっと3】［OP］異世界こんちぇると／アインズ、カズマ、スバル、ターニャ（On-Semi-Off）※アニメ映像ver2.0・最終話まで・パート分け有り.mp4
2026/01/02,ウルトラギャラクシーファイト 大いなる陰謀 MAD_Final Wars!_アルフィー(THE ALFEE)_3CH.mp4
2026/01/02,【シャインポスト Be Your アイドル】0 to Infinity／FFF(ON-CUT).mp4
2026/01/02,【ウマ娘 プリティーダービー】-スピカ-グロウアップ・シャイン!(cut-on)パート分け最終話まで.mp4
2026/01/02,星獣戦隊ギンガマン OP_The Galactic Warriors Gingaman_希砂未竜_2CH.mp4
2026/01/02,【プロジェクトセカイ カラフルステージ! feat. 初音ミク】-MORE MORE JUMP!-Polar Star(cut-on)3DMV.mp4
2026/01/02,【プロジェクトセカイ カラフルステージ! feat. 初音ミク】-MORE MORE JUMP!-Polar Star(cut-on)2DMV.mp4
2026/01/02,[文豪ストレイドッグス]OP1 TRASH CANDY (LIVE=2025アニサマ)(Off，On)／GRANRODEO×宮野真守.mp4
2026/01/02,[文豪ストレイドッグス]OP1 TRASH CANDY (アニメ)(Off，On)(映像=Quz.negiさん，字幕=れん)／GRANRODEO.mp4
2026/01/02,犬夜叉 (off-UVRchorus-on) ANGELUS -アンジェラス-【島谷ひとみ】※機動戦士ガンダム 鉄血のオルフェンズ MAD 動画作成者 コジコジさん.mp4
2026/01/02,犬夜叉 (on) ANGELUS -アンジェラス-※島谷ひとみ MV.mp4
2026/01/02,戦いの詩 (グレンダイザー ゲッターロボG グレートマジンガー 決戦! 大海獣_挿入歌) ささきいさお (2ch_VC_ON) UVR online版.mp4
2026/01/02,【僕のヒーローアカデミア FINAL SEASON】[ED]／I／BUMP OF CHICKEN／On-Of.mp4
2026/01/02,いつ逢えたら (君は放課後インソムニア_OP) aiko (2ch_vc_on).mp4
2026/01/02,【アイドルマスターシンデレラガールズ】[CS]ノーチラスソナー／八神マキノ CV二ノ宮ゆい(On-Cut)※LIVE映像(7th LIVE TOUR Special 3chord♪)【naoo】.mp4
2026/01/02,【スロウスタート】カナエタマエ／一之瀬花名・百地たまて.mp4
2026/01/02,【NARUTOナルト疾風伝】 [OP] シルエット／KANABOON  bb230 (On-Off).mp4
2026/01/02,【超かぐや姫!】「星降る夜」[IM][[月見ヤチヨ(早見沙織)][2tr Off-On].mp4
2026/01/02,【ホロライブ】「ぼくらのなぞなぞ」[IM][角巻わため][2tr Off-on].mp4
2026/01/02,【ホロライブ】「誰も見てない夢を見ろ」[IM][天音かなた][2tr Off-On].mp4
2026/01/02,救急戦隊ゴーゴーファイブ 挿入歌_流星合体!! ビクトリーマーズ_石原慎一_2CH_画質UP版.mp4
2026/01/02,【超かぐや姫!】「Remember」[IM][月見ヤチヨ(早見沙織)][2tr Off-On].mp4
2026/01/02,【SI-VIS The Sound of Heroes】[OP]So Far Away(on-off)_パート分け_2パート_第12話まで ／SI-VIS.mp4
2026/01/01,【銀魂】 [ED] サムライハート（Some Like It Hot！！）／SPYAIR  bb229 (On-Off).mp4
2026/01/01,【ギルティクラウン】 [OP] My Dearest／supercella featuring こゑだ  bb228 (On-Off).mp4
2026/01/01,クワイエットクワイア (魔法使いの嫁 SEASON2_22話挿入歌) 山本晃 (2ch_vc_on).mp4
2026/01/01,【ニセコイ】 [OP] STEP／ClariS ※パート分け有・公式MV・OP・ytbMADカクテル bb227 (On-Off).mp4
2026/01/01,航海の唄／僕のヒーローアカデミア／さユり.mp4
2026/01/01,【ウマ娘 シンデレラグレイ】［ED2］ふたり／オグリキャップ、タマモクロス（On-Semi-Mvc-Cut）※アニメ映像ver2.0・最終話まで.mp4
2026/01/01,【アイドルマスターミリオンライブ！シアターデイズ】Silent Joker／真壁瑞希(on-off).mp4
2026/01/01,【デジモンアドベンチャー -BEYOND-】brave heart-DIGIMON Animation 25th Arrange ver.-(off+on)【宮崎歩】.mp4
2026/01/01,【MFゴースト 2nd season】OP｜ROCK ME KISS ME feat. MOTSU〔2パート分け〕／芹澤優［on-off-MOTSUonly-芹澤only］〔Ver.2.0〕.mp4
2026/01/01,【ニセコイ】 [OP] CLICK／ClariS ※パート分け有・公式MV・OP・ytbMADカクテル bb226 (On-Off).mp4
